perturbation,level,class_name,n,acc_clean,acc_pert,delta_pp,changed_rate,correct_to_wrong,wrong_to_correct,conf_shift,true_prob_shift,ece_pert
region_removal,1,tench,387.0,0.9664082687338501,0.9354005167958657,-3.100775193798444,0.03875968992248062,12.0,0.0,-0.026512305365360367,-0.036053049724692095,0.0339661960607967
region_removal,2,tench,387.0,0.9664082687338501,0.8992248062015504,-6.718346253229967,0.082687338501292,27.0,1.0,-0.08755325594344189,-0.10472231657284574,0.041176059670765576
region_removal,3,tench,387.0,0.9664082687338501,0.7906976744186046,-17.57105943152455,0.20155038759689922,69.0,1.0,-0.2400092098775298,-0.2764805532428686,0.07386706404638232
inversion,1,tench,387.0,0.9664082687338501,0.9431524547803618,-2.3255813953488302,0.031007751937984496,9.0,0.0,-0.017221742956983335,-0.02185694870478997,0.022495403828084938
inversion,2,tench,387.0,0.9664082687338501,0.9534883720930233,-1.2919896640826822,0.023255813953488372,5.0,0.0,-0.008976349111367257,-0.012703896973163879,0.02023625651071243
inversion,3,tench,387.0,0.9664082687338501,0.9509043927648578,-1.5503875968992276,0.023255813953488372,6.0,0.0,-0.0066087660247349305,-0.01004918361431167,0.020230978534819262
grayscale,1,tench,387.0,0.9664082687338501,0.9638242894056848,-0.2583979328165342,0.0103359173126615,1.0,0.0,-0.002090108602545982,-0.004334876544229705,0.0199704280349327
grayscale,2,tench,387.0,0.9664082687338501,0.9664082687338501,0.0,0.015503875968992248,1.0,1.0,-0.003758650378971445,-0.003030030645340746,0.016852961569177444
grayscale,3,tench,387.0,0.9664082687338501,0.8475452196382429,-11.88630490956072,0.13695090439276486,46.0,0.0,-0.13708916558698783,-0.18025787744137498,0.041153139480478725
low_contrast,1,tench,387.0,0.9664082687338501,0.9689922480620154,0.2583979328165342,0.007751937984496124,1.0,2.0,0.00010781217299074474,0.004416549112760577,0.011111596950572906
low_contrast,2,tench,387.0,0.9664082687338501,0.9689922480620154,0.2583979328165342,0.00516795865633075,0.0,1.0,-0.0025875203369199766,0.0009352874528353153,0.014907238595861407
low_contrast,3,tench,387.0,0.9664082687338501,0.9664082687338501,0.0,0.020671834625323,3.0,3.0,-0.013002764886047798,-0.01426062311963461,0.025645633885102596
darken,1,tench,387.0,0.9664082687338501,0.9689922480620154,0.2583979328165342,0.007751937984496124,1.0,2.0,-0.0002203507863889985,0.0027631181245985578,0.016405468532281323
darken,2,tench,387.0,0.9664082687338501,0.9689922480620154,0.2583979328165342,0.0103359173126615,1.0,2.0,0.0009180436185164045,0.0028421429926842375,0.013151275999940345
darken,3,tench,387.0,0.9664082687338501,0.9638242894056848,-0.2583979328165342,0.015503875968992248,3.0,2.0,-0.01036954022347157,-0.009095758160397842,0.019161878014103715
brighten,1,tench,387.0,0.9664082687338501,0.9638242894056848,-0.2583979328165342,0.012919896640826873,2.0,1.0,-0.004590106141351606,-0.0016405045703334435,0.014663149374091898
brighten,2,tench,387.0,0.9664082687338501,0.958656330749354,-0.7751937984496138,0.03359173126614987,6.0,3.0,-0.015455681416723464,-0.016272833438197454,0.023343825217057235
brighten,3,tench,387.0,0.9664082687338501,0.9147286821705426,-5.167958656330751,0.07235142118863049,22.0,2.0,-0.05325279528279945,-0.0699388859268622,0.02375772954458104
gaussian_blur,1,tench,387.0,0.9664082687338501,0.9354005167958657,-3.100775193798444,0.041343669250646,12.0,0.0,-0.02733856300012394,-0.03388897698815251,0.024463392399463293
gaussian_blur,2,tench,387.0,0.9664082687338501,0.7777777777777778,-18.86304909560723,0.21705426356589147,74.0,1.0,-0.17712236397950223,-0.22521768889437602,0.05740488026031221
gaussian_blur,3,tench,387.0,0.9664082687338501,0.3462532299741602,-62.01550387596899,0.6459948320413437,240.0,0.0,-0.5791288216668121,-0.7064562839014108,0.07179254780039768
gaussian_noise,1,tench,387.0,0.9664082687338501,0.8811369509043928,-8.52713178294573,0.10852713178294573,33.0,0.0,-0.08078163919984832,-0.10776142003585856,0.035261446961444766
gaussian_noise,2,tench,387.0,0.9664082687338501,0.7648578811369509,-20.155038759689926,0.22997416020671835,78.0,0.0,-0.19587957501911993,-0.2582830460132684,0.062033286477013144
gaussian_noise,3,tench,387.0,0.9664082687338501,0.28940568475452194,-67.70025839793281,0.7080103359173127,262.0,0.0,-0.5801025227828851,-0.7422110497030481,0.10633658997002188
jpeg_compression,1,tench,387.0,0.9664082687338501,0.9457364341085271,-2.067183462532296,0.023255813953488372,8.0,0.0,-0.009005288052004437,-0.019171555512378688,0.025202002443700508
jpeg_compression,2,tench,387.0,0.9664082687338501,0.9147286821705426,-5.167958656330751,0.08010335917312661,22.0,2.0,-0.06418716915202079,-0.081403631101838,0.03816713261819934
jpeg_compression,3,tench,387.0,0.9664082687338501,0.43410852713178294,-53.229974160206716,0.5658914728682171,207.0,1.0,-0.5444982082604669,-0.6451249313851912,0.059932151539804704
boundary_blur,1,tench,387.0,0.9664082687338501,0.9302325581395349,-3.6175710594315236,0.059431524547803614,15.0,1.0,-0.05926652271926249,-0.06413045666042627,0.02826543745298406
boundary_blur,2,tench,387.0,0.9664082687338501,0.8475452196382429,-11.88630490956072,0.14470284237726097,47.0,1.0,-0.14458889515170448,-0.1638044021597348,0.03905071634847369
boundary_blur,3,tench,387.0,0.9664082687338501,0.6925064599483204,-27.39018087855297,0.30749354005167956,107.0,1.0,-0.278522248560375,-0.3399209545431961,0.03815758693241335
boundary_erase,1,tench,387.0,0.9664082687338501,0.937984496124031,-2.84237726098191,0.04909560723514212,12.0,1.0,-0.014567459026202366,-0.025912407781555468,0.036639410838754334
boundary_erase,2,tench,387.0,0.9664082687338501,0.9302325581395349,-3.6175710594315236,0.05426356589147287,16.0,2.0,-0.0387648682492648,-0.0504259055550526,0.026298432849174377
boundary_erase,3,tench,387.0,0.9664082687338501,0.8578811369509044,-10.852713178294572,0.12403100775193798,43.0,1.0,-0.07675936397463469,-0.12041770972685485,0.04416410837717143
foreground_blur,1,tench,387.0,0.9664082687338501,0.8294573643410853,-13.69509043927648,0.165374677002584,55.0,2.0,-0.1367912376131044,-0.18190834298267394,0.0650958970131338
foreground_blur,2,tench,387.0,0.9664082687338501,0.49870801033591733,-46.77002583979328,0.49870801033591733,183.0,2.0,-0.47346620874850015,-0.5994259518058063,0.10126032244211942
foreground_blur,3,tench,387.0,0.9664082687338501,0.3023255813953488,-66.40826873385012,0.6950904392764858,258.0,1.0,-0.5947423896124197,-0.7706825256419846,0.09062128658442536
foreground_occlusion,1,tench,387.0,0.9664082687338501,0.8992248062015504,-6.718346253229967,0.08527131782945736,27.0,1.0,-0.07936497320461951,-0.10731001996830947,0.053038184735587135
foreground_occlusion,2,tench,387.0,0.9664082687338501,0.7002583979328165,-26.614987080103358,0.2971576227390181,106.0,3.0,-0.3020153138834685,-0.3694563179494937,0.059720871714966525
foreground_occlusion,3,tench,387.0,0.9664082687338501,0.40310077519379844,-56.33074935400517,0.5943152454780362,220.0,2.0,-0.5593391369392936,-0.6944321565150358,0.06748843741259064
background_removal,1,tench,387.0,0.9664082687338501,0.9560723514211886,-1.033591731266148,0.023255813953488372,5.0,1.0,-0.01196550183209954,-0.0171636991254797,0.024903669183260473
background_removal,2,tench,387.0,0.9664082687338501,0.9328165374677002,-3.3591731266149893,0.05167958656330749,14.0,1.0,-0.03191475856096246,-0.04264710826553884,0.029852927684090896
background_removal,3,tench,387.0,0.9664082687338501,0.8682170542635659,-9.819121447028422,0.12661498708010335,39.0,1.0,-0.07907282200086024,-0.10999969683175209,0.04206145010907825
rand_augment,1,tench,387.0,0.9664082687338501,0.958656330749354,-0.7751937984496138,0.031007751937984496,6.0,3.0,-0.021694678803592996,-0.020551055390666026,0.02127068162503483
rand_augment,2,tench,387.0,0.9664082687338501,0.9354005167958657,-3.100775193798444,0.03875968992248062,12.0,0.0,-0.02366464773736875,-0.03674101812769665,0.028819850383648815
rand_augment,3,tench,387.0,0.9664082687338501,0.9198966408268734,-4.651162790697672,0.06459948320413436,19.0,1.0,-0.0407325657185658,-0.05158164035642456,0.021786262071872012
region_removal,1,English springer,395.0,0.7215189873417721,0.6683544303797468,-5.316455696202526,0.22025316455696203,39.0,18.0,-0.06562603304657755,-0.07960607618433527,0.09607751105405107
region_removal,2,English springer,395.0,0.7215189873417721,0.5443037974683544,-17.721518987341767,0.3924050632911392,88.0,18.0,-0.14575283293011068,-0.1702432733949674,0.049916274076964307
region_removal,3,English springer,395.0,0.7215189873417721,0.33164556962025316,-38.98734177215189,0.640506329113924,165.0,11.0,-0.3123737393147489,-0.3596030295093373,0.08916028200094647
inversion,1,English springer,395.0,0.7215189873417721,0.6506329113924051,-7.088607594936702,0.18227848101265823,36.0,8.0,-0.05791500731359554,-0.07635734646019851,0.055548837479156774
inversion,2,English springer,395.0,0.7215189873417721,0.6810126582278481,-4.0506329113924044,0.1670886075949367,29.0,13.0,-0.0337142457360331,-0.054898809792911944,0.06934059227852128
inversion,3,English springer,395.0,0.7215189873417721,0.6835443037974683,-3.797468354430378,0.1518987341772152,25.0,10.0,-0.0332847884467131,-0.05016382264638875,0.08199773273324662
grayscale,1,English springer,395.0,0.7215189873417721,0.7113924050632912,-1.0126582278480956,0.10886075949367088,15.0,11.0,-0.006716676155411745,-0.0015265079769891646,0.05890091079982777
grayscale,2,English springer,395.0,0.7215189873417721,0.6886075949367089,-3.2911392405063244,0.1341772151898734,22.0,9.0,-0.028092202850723568,-0.026267923081836727,0.049126026972751057
grayscale,3,English springer,395.0,0.7215189873417721,0.529113924050633,-19.240506329113916,0.36455696202531646,85.0,9.0,-0.136856379067596,-0.19372498846187458,0.0909678111159349
low_contrast,1,English springer,395.0,0.7215189873417721,0.6835443037974683,-3.797468354430378,0.11645569620253164,20.0,5.0,-0.006148423395956619,-0.014531161957089768,0.07528168882561637
low_contrast,2,English springer,395.0,0.7215189873417721,0.7113924050632912,-1.0126582278480956,0.11645569620253164,16.0,12.0,-0.012541195071196254,-0.007819565261619388,0.0691283452359936
low_contrast,3,English springer,395.0,0.7215189873417721,0.7240506329113924,0.25316455696202667,0.15949367088607594,17.0,18.0,-0.01961460882161237,-0.003149059125561381,0.056150137104942814
darken,1,English springer,395.0,0.7215189873417721,0.7088607594936709,-1.2658227848101222,0.06329113924050633,10.0,5.0,0.010324723259369029,0.010660575825105423,0.06910409283694587
darken,2,English springer,395.0,0.7215189873417721,0.6987341772151898,-2.278481012658229,0.09367088607594937,15.0,6.0,-0.0038422774476341054,-0.009777241365704464,0.0604727981022642
darken,3,English springer,395.0,0.7215189873417721,0.7164556962025317,-0.5063291139240422,0.13670886075949368,16.0,14.0,-0.016072169757342037,-0.004405719648068181,0.06101983432905582
brighten,1,English springer,395.0,0.7215189873417721,0.6911392405063291,-3.037974683544298,0.14430379746835442,23.0,11.0,-0.017860326807521566,-0.02800515406703152,0.09839673152169848
brighten,2,English springer,395.0,0.7215189873417721,0.6354430379746835,-8.607594936708862,0.22531645569620254,45.0,11.0,-0.038332926519686665,-0.05510252492331577,0.07403088005471833
brighten,3,English springer,395.0,0.7215189873417721,0.620253164556962,-10.126582278481012,0.28607594936708863,55.0,15.0,-0.10259232730427875,-0.1283459533515362,0.1085081942662408
gaussian_blur,1,English springer,395.0,0.7215189873417721,0.5063291139240507,-21.518987341772146,0.33164556962025316,88.0,3.0,-0.11558617979665346,-0.19661404682674977,0.11535875401164913
gaussian_blur,2,English springer,395.0,0.7215189873417721,0.23291139240506328,-48.860759493670884,0.7063291139240506,196.0,3.0,-0.2636953032186514,-0.41641006226669974,0.2365728953122338
gaussian_blur,3,English springer,395.0,0.7215189873417721,0.035443037974683546,-68.60759493670886,0.9544303797468354,271.0,0.0,-0.41075312025562116,-0.5782095045652741,0.2869834327056438
gaussian_noise,1,English springer,395.0,0.7215189873417721,0.8354430379746836,11.392405063291145,0.22531645569620254,10.0,55.0,0.06363369431582433,0.12915505840487468,0.04354168317646163
gaussian_noise,2,English springer,395.0,0.7215189873417721,0.7367088607594937,1.51898734177216,0.30886075949367087,38.0,44.0,-0.010896399183363855,0.020745449402151096,0.062105697223657316
gaussian_noise,3,English springer,395.0,0.7215189873417721,0.5544303797468354,-16.70886075949367,0.4759493670886076,96.0,30.0,-0.21818778691223906,-0.2257794661828749,0.10674511178196232
jpeg_compression,1,English springer,395.0,0.7215189873417721,0.5468354430379747,-17.46835443037974,0.2810126582278481,73.0,4.0,-0.09067246979927715,-0.16696221622048912,0.13379874129461336
jpeg_compression,2,English springer,395.0,0.7215189873417721,0.3670886075949367,-35.44303797468354,0.5341772151898734,145.0,5.0,-0.2067567188056964,-0.3511582000622011,0.16580565799074837
jpeg_compression,3,English springer,395.0,0.7215189873417721,0.11392405063291139,-60.759493670886066,0.8455696202531645,240.0,0.0,-0.4026647929903827,-0.5424036638362654,0.21659074731265443
boundary_blur,1,English springer,395.0,0.7215189873417721,0.6126582278481013,-10.88607594936708,0.3518987341772152,67.0,24.0,-0.09907586359996584,-0.12913033135917062,0.07108166760564606
boundary_blur,2,English springer,395.0,0.7215189873417721,0.4936708860759494,-22.784810126582272,0.4582278481012658,106.0,16.0,-0.17761727722385262,-0.22280015311540594,0.08852624715883521
boundary_blur,3,English springer,395.0,0.7215189873417721,0.3721518987341772,-34.93670886075949,0.5974683544303797,148.0,10.0,-0.2575974147578206,-0.3416304918968573,0.12711668032917042
boundary_erase,1,English springer,395.0,0.7215189873417721,0.660759493670886,-6.075949367088606,0.1949367088607595,35.0,11.0,-0.016551074913785428,-0.04233830808124931,0.07706111918521831
boundary_erase,2,English springer,395.0,0.7215189873417721,0.6253164556962025,-9.620253164556958,0.2683544303797468,51.0,13.0,-0.03699804166261154,-0.08355666777251482,0.10289760376267795
boundary_erase,3,English springer,395.0,0.7215189873417721,0.5518987341772152,-16.962025316455687,0.369620253164557,79.0,12.0,-0.08384197774001315,-0.15838541118570867,0.11646063741815241
foreground_blur,1,English springer,395.0,0.7215189873417721,0.46329113924050636,-25.822784810126574,0.45569620253164556,111.0,9.0,-0.1476664919830576,-0.2287102650667466,0.12655540186015865
foreground_blur,2,English springer,395.0,0.7215189873417721,0.24050632911392406,-48.101265822784804,0.7012658227848101,195.0,5.0,-0.311523554360942,-0.42148392878023955,0.18655396472615532
foreground_blur,3,English springer,395.0,0.7215189873417721,0.15443037974683543,-56.70886075949366,0.8050632911392405,228.0,4.0,-0.391937689214379,-0.497252230920467,0.1868115219747341
foreground_occlusion,1,English springer,395.0,0.7215189873417721,0.6329113924050633,-8.860759493670878,0.19746835443037974,45.0,10.0,-0.06731221193942842,-0.0972948374120359,0.06645566058121147
foreground_occlusion,2,English springer,395.0,0.7215189873417721,0.46835443037974683,-25.316455696202528,0.4050632911392405,108.0,8.0,-0.15985050817267804,-0.23799416198834236,0.12118984218451041
foreground_occlusion,3,English springer,395.0,0.7215189873417721,0.22025316455696203,-50.12658227848101,0.7417721518987341,208.0,10.0,-0.3444435795273962,-0.45697616163610916,0.16848284685159032
background_removal,1,English springer,395.0,0.7215189873417721,0.6886075949367089,-3.2911392405063244,0.16455696202531644,28.0,15.0,-0.03975682275581963,-0.04609528303655127,0.06936030816051025
background_removal,2,English springer,395.0,0.7215189873417721,0.6455696202531646,-7.594936708860756,0.2607594936708861,49.0,19.0,-0.06134246333584755,-0.08789128959457068,0.0719552420975664
background_removal,3,English springer,395.0,0.7215189873417721,0.46329113924050636,-25.822784810126574,0.49873417721518987,119.0,17.0,-0.1691433678487245,-0.24801638394331152,0.11384950889675301
rand_augment,1,English springer,395.0,0.7215189873417721,0.6455696202531646,-7.594936708860756,0.22025316455696203,46.0,16.0,-0.04274868152658396,-0.06611870010161465,0.07336688956033581
rand_augment,2,English springer,395.0,0.7215189873417721,0.6126582278481013,-10.88607594936708,0.2430379746835443,57.0,14.0,-0.05933345282285274,-0.09969107383189849,0.092339018086278
rand_augment,3,English springer,395.0,0.7215189873417721,0.6126582278481013,-10.88607594936708,0.29620253164556964,61.0,18.0,-0.09472819471943981,-0.11854358795250697,0.06106450633629216
region_removal,1,cassette player,357.0,0.5938375350140056,0.5714285714285714,-2.2408963585434205,0.23809523809523808,27.0,19.0,-0.04902214111358512,-0.047568814725997347,0.08898566916835407
region_removal,2,cassette player,357.0,0.5938375350140056,0.5126050420168067,-8.123249299719893,0.3697478991596639,55.0,26.0,-0.1189442352921355,-0.11980531019099883,0.0832208397717369
region_removal,3,cassette player,357.0,0.5938375350140056,0.35294117647058826,-24.089635854341733,0.5826330532212886,106.0,20.0,-0.23346558066100634,-0.2696490355640225,0.11532140340582998
inversion,1,cassette player,357.0,0.5938375350140056,0.5518207282913166,-4.201680672268903,0.25770308123249297,30.0,15.0,-0.055364823631462265,-0.06661856830472491,0.11046763911258942
inversion,2,cassette player,357.0,0.5938375350140056,0.5546218487394958,-3.9215686274509776,0.24089635854341737,28.0,14.0,-0.040373732427171634,-0.05512394561148784,0.09552877155296942
inversion,3,cassette player,357.0,0.5938375350140056,0.5882352941176471,-0.5602240896358524,0.19327731092436976,20.0,18.0,-0.02836032897359183,-0.02369199983485148,0.09504528173587236
grayscale,1,cassette player,357.0,0.5938375350140056,0.6218487394957983,2.801120448179273,0.11204481792717087,7.0,17.0,-0.000817240202794222,0.008457129196345699,0.09003210904634966
grayscale,2,cassette player,357.0,0.5938375350140056,0.6050420168067226,1.1204481792717047,0.16806722689075632,14.0,18.0,-0.0001886838457497562,0.009088971910927137,0.0983138591760681
grayscale,3,cassette player,357.0,0.5938375350140056,0.5518207282913166,-4.201680672268903,0.22969187675070027,31.0,16.0,-0.030512575978408008,-0.041603812459748334,0.10792291820758865
low_contrast,1,cassette player,357.0,0.5938375350140056,0.5770308123249299,-1.6806722689075682,0.10364145658263306,12.0,6.0,-0.017153962570078233,-0.021709764728911875,0.10419232598623306
low_contrast,2,cassette player,357.0,0.5938375350140056,0.5742296918767507,-1.9607843137254943,0.13725490196078433,16.0,9.0,-0.029297097348699383,-0.03264392232807292,0.08102843872889752
low_contrast,3,cassette player,357.0,0.5938375350140056,0.5210084033613446,-7.282913165266103,0.22128851540616246,33.0,7.0,-0.0833420445229493,-0.10564914063541116,0.11222237887001837
darken,1,cassette player,357.0,0.5938375350140056,0.5630252100840336,-3.081232492997199,0.09803921568627451,16.0,5.0,-0.02858925492865365,-0.04451141681729037,0.11472231981341911
darken,2,cassette player,357.0,0.5938375350140056,0.5742296918767507,-1.9607843137254943,0.1092436974789916,14.0,7.0,-0.024719567025075107,-0.033095945115881896,0.12298530154451937
darken,3,cassette player,357.0,0.5938375350140056,0.5322128851540616,-6.162464985994398,0.19327731092436976,29.0,7.0,-0.061266378924793224,-0.08027343684193956,0.10581350376626021
brighten,1,cassette player,357.0,0.5938375350140056,0.5798319327731093,-1.4005602240896309,0.12605042016806722,14.0,9.0,-0.0223463173924374,-0.035770386273220885,0.10197144619473561
brighten,2,cassette player,357.0,0.5938375350140056,0.5490196078431373,-4.4817927170868295,0.1876750700280112,24.0,8.0,-0.0604733399608556,-0.07396410099393427,0.09828573331779461
brighten,3,cassette player,357.0,0.5938375350140056,0.44537815126050423,-14.845938375350137,0.33613445378151263,59.0,6.0,-0.1280194920610313,-0.1607160514612682,0.1313529205756361
gaussian_blur,1,cassette player,357.0,0.5938375350140056,0.7647058823529411,17.086834733893554,0.31932773109243695,12.0,73.0,0.07371580859526199,0.12276628568288696,0.0861223814408986
gaussian_blur,2,cassette player,357.0,0.5938375350140056,0.6554621848739496,6.162464985994398,0.45938375350140054,43.0,65.0,-0.01789439472706378,0.006091110072904474,0.09449497834682802
gaussian_blur,3,cassette player,357.0,0.5938375350140056,0.27450980392156865,-31.932773109243694,0.8151260504201681,153.0,39.0,-0.28048059288986255,-0.35242686421041297,0.1459021506418868
gaussian_noise,1,cassette player,357.0,0.5938375350140056,0.4005602240896359,-19.327731092436974,0.39215686274509803,81.0,12.0,-0.17710335788523116,-0.2128935695616018,0.13770696708635125
gaussian_noise,2,cassette player,357.0,0.5938375350140056,0.3333333333333333,-26.05042016806723,0.49299719887955185,108.0,15.0,-0.21820537302465665,-0.26617998494688405,0.16782876443253508
gaussian_noise,3,cassette player,357.0,0.5938375350140056,0.24929971988795518,-34.45378151260504,0.6498599439775911,133.0,10.0,-0.30308616226565105,-0.3613414367986994,0.1383204604512086
jpeg_compression,1,cassette player,357.0,0.5938375350140056,0.6414565826330533,4.761904761904767,0.18207282913165265,14.0,31.0,0.00878401978217921,0.02191297183050438,0.09619339710983241
jpeg_compression,2,cassette player,357.0,0.5938375350140056,0.6330532212885154,3.9215686274509776,0.3165266106442577,27.0,41.0,-0.031126859590035527,-0.025031461908352582,0.09087856054431251
jpeg_compression,3,cassette player,357.0,0.5938375350140056,0.3165266106442577,-27.73109243697479,0.6526610644257703,123.0,24.0,-0.2649534333612071,-0.30005383798049967,0.10535859982339611
boundary_blur,1,cassette player,357.0,0.5938375350140056,0.5490196078431373,-4.4817927170868295,0.20168067226890757,29.0,13.0,-0.029875440027366498,-0.03773670957512362,0.11311722398639058
boundary_blur,2,cassette player,357.0,0.5938375350140056,0.5518207282913166,-4.201680672268903,0.2857142857142857,37.0,22.0,-0.056391463654131446,-0.06207941466035471,0.10107286884879865
boundary_blur,3,cassette player,357.0,0.5938375350140056,0.5294117647058824,-6.442577030812324,0.3865546218487395,52.0,29.0,-0.08843976934375215,-0.09916572786142076,0.09618308346102887
boundary_erase,1,cassette player,357.0,0.5938375350140056,0.6022408963585434,0.8403361344537785,0.14565826330532214,13.0,16.0,-0.005879450787683161,-0.012042272445697342,0.10225866987508217
boundary_erase,2,cassette player,357.0,0.5938375350140056,0.6050420168067226,1.1204481792717047,0.20448179271708683,21.0,25.0,-0.02205771401900203,-0.018999901319978713,0.07932704707988503
boundary_erase,3,cassette player,357.0,0.5938375350140056,0.5882352941176471,-0.5602240896358524,0.2689075630252101,28.0,26.0,-0.04922909502472196,-0.04408385823890745,0.0800965757263141
foreground_blur,1,cassette player,357.0,0.5938375350140056,0.5574229691876751,-3.6414565826330514,0.43137254901960786,62.0,49.0,-0.09073630384370393,-0.09557000259676487,0.0929928989428766
foreground_blur,2,cassette player,357.0,0.5938375350140056,0.3137254901960784,-28.011204481792717,0.6358543417366946,128.0,28.0,-0.208969550817704,-0.287013508075143,0.1619217666779079
foreground_blur,3,cassette player,357.0,0.5938375350140056,0.24089635854341737,-35.29411764705882,0.6918767507002801,146.0,20.0,-0.2567904299902482,-0.3480807558018253,0.1780676245793742
foreground_occlusion,1,cassette player,357.0,0.5938375350140056,0.5826330532212886,-1.1204481792717047,0.20168067226890757,25.0,21.0,-0.04157345199367913,-0.04620092939578926,0.11958661875804935
foreground_occlusion,2,cassette player,357.0,0.5938375350140056,0.4733893557422969,-12.04481792717087,0.3697478991596639,65.0,22.0,-0.11392680623409461,-0.14630286880146895,0.10684983623253197
foreground_occlusion,3,cassette player,357.0,0.5938375350140056,0.3137254901960784,-28.011204481792717,0.6190476190476191,120.0,20.0,-0.23027865351790808,-0.30341199998853197,0.13688046530056067
background_removal,1,cassette player,357.0,0.5938375350140056,0.6246498599439776,3.081232492997199,0.20728291316526612,16.0,27.0,-0.009081326539860386,0.005176562035298308,0.07214204183354431
background_removal,2,cassette player,357.0,0.5938375350140056,0.5854341736694678,-0.8403361344537785,0.31932773109243695,31.0,28.0,-0.05094837253334142,-0.054863359221785216,0.086304150688715
background_removal,3,cassette player,357.0,0.5938375350140056,0.33053221288515405,-26.330532212885156,0.6442577030812325,108.0,14.0,-0.198456550596141,-0.27407128823102817,0.14933039684172109
rand_augment,1,cassette player,357.0,0.5938375350140056,0.5714285714285714,-2.2408963585434205,0.2184873949579832,28.0,20.0,-0.03255463842333866,-0.03834978923984307,0.10053511364620271
rand_augment,2,cassette player,357.0,0.5938375350140056,0.5462184873949579,-4.761904761904767,0.24089635854341737,35.0,18.0,-0.04916532600627226,-0.05077034999876945,0.11719097858633983
rand_augment,3,cassette player,357.0,0.5938375350140056,0.5266106442577031,-6.72268907563025,0.32212885154061627,42.0,18.0,-0.04759045060024876,-0.08487829694000167,0.13778125922553014
region_removal,1,chain saw,386.0,0.8549222797927462,0.7512953367875648,-10.362694300518138,0.16321243523316062,45.0,5.0,-0.09203118023129633,-0.12818692117458844,0.07319769636761649
region_removal,2,chain saw,386.0,0.8549222797927462,0.6088082901554405,-24.61139896373057,0.3393782383419689,99.0,4.0,-0.25145399775066524,-0.30096641585323075,0.07345371795673443
region_removal,3,chain saw,386.0,0.8549222797927462,0.43005181347150256,-42.48704663212436,0.5492227979274611,167.0,3.0,-0.42797753220868,-0.4792204043095115,0.038023434079932576
inversion,1,chain saw,386.0,0.8549222797927462,0.8212435233160622,-3.3678756476683946,0.12176165803108809,24.0,11.0,-0.04616859293702044,-0.052378011307100764,0.054007303500499745
inversion,2,chain saw,386.0,0.8549222797927462,0.8186528497409327,-3.626943005181349,0.10362694300518134,21.0,7.0,-0.038969067239004715,-0.046763244683753695,0.05016643753748175
inversion,3,chain saw,386.0,0.8549222797927462,0.8238341968911918,-3.1088082901554404,0.09585492227979274,19.0,7.0,-0.03067065887346169,-0.03763924561181913,0.04294182713399283
grayscale,1,chain saw,386.0,0.8549222797927462,0.8497409326424871,-0.5181347150259086,0.04404145077720207,6.0,4.0,-0.014600972051447537,-0.01898821646240312,0.06018579857414247
grayscale,2,chain saw,386.0,0.8549222797927462,0.8523316062176166,-0.2590673575129543,0.06735751295336788,8.0,7.0,-0.02548347681837996,-0.02556758713500022,0.05832650875334917
grayscale,3,chain saw,386.0,0.8549222797927462,0.7331606217616581,-12.176165803108807,0.23316062176165803,53.0,6.0,-0.1362395370909896,-0.1701099822394664,0.07992894283539273
low_contrast,1,chain saw,386.0,0.8549222797927462,0.8393782383419689,-1.5544041450777257,0.05699481865284974,10.0,4.0,-0.009611913924699003,-0.015106968943276025,0.061473661464267484
low_contrast,2,chain saw,386.0,0.8549222797927462,0.8367875647668394,-1.81347150259068,0.07772020725388601,14.0,7.0,-0.017975550058051713,-0.02237558993943501,0.04348832555115219
low_contrast,3,chain saw,386.0,0.8549222797927462,0.805699481865285,-4.922279792746121,0.13212435233160622,25.0,6.0,-0.06409389623127144,-0.06729674283862852,0.05463586181131978
darken,1,chain saw,386.0,0.8549222797927462,0.8341968911917098,-2.0725388601036343,0.054404145077720206,10.0,2.0,-0.022631785673103803,-0.02638624699386759,0.045830212176386574
darken,2,chain saw,386.0,0.8549222797927462,0.8471502590673575,-0.7772020725388629,0.03367875647668394,4.0,1.0,-0.012214992108508713,-0.009952677772673429,0.03917306087370678
darken,3,chain saw,386.0,0.8549222797927462,0.8186528497409327,-3.626943005181349,0.08031088082901554,15.0,1.0,-0.05647553469734797,-0.0551366519390436,0.03634212194058866
brighten,1,chain saw,386.0,0.8549222797927462,0.8238341968911918,-3.1088082901554404,0.08031088082901554,15.0,3.0,-0.034319150034782184,-0.04349961802251052,0.04994584500326394
brighten,2,chain saw,386.0,0.8549222797927462,0.8005181347150259,-5.440414507772029,0.11398963730569948,27.0,6.0,-0.07277277488396576,-0.08510822923521486,0.05403066947670178
brighten,3,chain saw,386.0,0.8549222797927462,0.7202072538860104,-13.471502590673579,0.21761658031088082,56.0,4.0,-0.14812392394970428,-0.16893913855455295,0.051864181611436036
gaussian_blur,1,chain saw,386.0,0.8549222797927462,0.7564766839378239,-9.84455958549223,0.17098445595854922,43.0,5.0,-0.07748942938030075,-0.10078054550938882,0.06268634807337753
gaussian_blur,2,chain saw,386.0,0.8549222797927462,0.5544041450777202,-30.051813471502598,0.44041450777202074,120.0,4.0,-0.3157619381796356,-0.35650014849218303,0.03858412505933349
gaussian_blur,3,chain saw,386.0,0.8549222797927462,0.38860103626943004,-46.63212435233161,0.6139896373056994,184.0,4.0,-0.47907285230147406,-0.5225053367072188,0.044702781393274736
gaussian_noise,1,chain saw,386.0,0.8549222797927462,0.8082901554404145,-4.6632124352331665,0.18393782383419688,32.0,14.0,-0.09582990294061794,-0.08608965164128422,0.04464256149653941
gaussian_noise,2,chain saw,386.0,0.8549222797927462,0.7098445595854922,-14.507772020725396,0.27202072538860106,63.0,7.0,-0.19538845917103823,-0.20640766678751754,0.08076019818687065
gaussian_noise,3,chain saw,386.0,0.8549222797927462,0.47150259067357514,-38.3419689119171,0.5284974093264249,152.0,4.0,-0.4282888855128863,-0.4642534822093265,0.05970152541802029
jpeg_compression,1,chain saw,386.0,0.8549222797927462,0.7901554404145078,-6.476683937823835,0.14507772020725387,30.0,5.0,-0.056983311346929924,-0.07884057149899279,0.04985305686225543
jpeg_compression,2,chain saw,386.0,0.8549222797927462,0.6917098445595855,-16.321243523316063,0.24352331606217617,64.0,1.0,-0.14982259708789655,-0.19121805151863494,0.07731879312409945
jpeg_compression,3,chain saw,386.0,0.8549222797927462,0.3290155440414508,-52.59067357512954,0.6528497409326425,203.0,0.0,-0.47353021139423773,-0.5497449381725719,0.07625362874428535
boundary_blur,1,chain saw,386.0,0.8549222797927462,0.6476683937823834,-20.725388601036276,0.3005181347150259,82.0,2.0,-0.21263778420078322,-0.26001742516615395,0.07581981395038298
boundary_blur,2,chain saw,386.0,0.8549222797927462,0.4792746113989637,-37.564766839378244,0.49740932642487046,150.0,5.0,-0.354410646787309,-0.4310002662149237,0.08677758678427169
boundary_blur,3,chain saw,386.0,0.8549222797927462,0.3393782383419689,-51.554404145077726,0.6398963730569949,200.0,1.0,-0.43586436028886644,-0.5345080885939724,0.10267073110016207
boundary_erase,1,chain saw,386.0,0.8549222797927462,0.8523316062176166,-0.2590673575129543,0.10880829015544041,13.0,12.0,-0.006666092038000186,-0.012704507568419175,0.053985607747586914
boundary_erase,2,chain saw,386.0,0.8549222797927462,0.8160621761658031,-3.886010362694303,0.16580310880829016,29.0,14.0,-0.05767973640769566,-0.07325459409433802,0.08701741165563537
boundary_erase,3,chain saw,386.0,0.8549222797927462,0.7435233160621761,-11.139896373057,0.21761658031088082,52.0,9.0,-0.11489179579859571,-0.14038666830608654,0.06509379106404864
foreground_blur,1,chain saw,386.0,0.8549222797927462,0.5207253886010362,-33.41968911917099,0.42487046632124353,130.0,1.0,-0.27525157141716367,-0.34888776176185887,0.07979145092127238
foreground_blur,2,chain saw,386.0,0.8549222797927462,0.37823834196891193,-47.668393782383426,0.5880829015544041,186.0,2.0,-0.3964138042731838,-0.49855570911091923,0.10213782160103783
foreground_blur,3,chain saw,386.0,0.8549222797927462,0.3082901554404145,-54.66321243523316,0.655440414507772,214.0,3.0,-0.45381801721152554,-0.5663721606110459,0.11472439614409302
foreground_occlusion,1,chain saw,386.0,0.8549222797927462,0.7435233160621761,-11.139896373057,0.16062176165803108,48.0,5.0,-0.07930805534124374,-0.1129604013740155,0.06404837512367745
foreground_occlusion,2,chain saw,386.0,0.8549222797927462,0.6243523316062176,-23.056994818652853,0.30569948186528495,94.0,5.0,-0.2013964548591196,-0.25276069340315394,0.06524852555187256
foreground_occlusion,3,chain saw,386.0,0.8549222797927462,0.3911917098445596,-46.373056994818654,0.5777202072538861,185.0,6.0,-0.4001700954724084,-0.4947923982806903,0.09410076055173894
background_removal,1,chain saw,386.0,0.8549222797927462,0.844559585492228,-1.0362694300518172,0.11398963730569948,14.0,10.0,-0.03363806013153007,-0.01740281995953033,0.03504704353954512
background_removal,2,chain saw,386.0,0.8549222797927462,0.7849740932642487,-6.994818652849744,0.18393782383419688,37.0,10.0,-0.07088329875600462,-0.07403285909136317,0.051231157623347234
background_removal,3,chain saw,386.0,0.8549222797927462,0.5518134715025906,-30.310880829015552,0.44041450777202074,124.0,7.0,-0.24967001180207946,-0.3085987027059701,0.08401866291451793
rand_augment,1,chain saw,386.0,0.8549222797927462,0.8082901554404145,-4.6632124352331665,0.11398963730569948,23.0,5.0,-0.04282495875509909,-0.05261438819468897,0.050810313942827645
rand_augment,2,chain saw,386.0,0.8549222797927462,0.8186528497409327,-3.626943005181349,0.13471502590673576,24.0,10.0,-0.05324430573596547,-0.05299142894809046,0.043739008808923556
rand_augment,3,chain saw,386.0,0.8549222797927462,0.7823834196891192,-7.253886010362698,0.15544041450777202,35.0,7.0,-0.07526376617618794,-0.09985652754323661,0.05060740645222094
region_removal,1,church,409.0,0.3080684596577017,0.293398533007335,-1.4669926650366705,0.2860635696821516,30.0,24.0,-0.030544899094367084,-0.03112010658225615,0.34170491986140644
region_removal,2,church,409.0,0.3080684596577017,0.23227383863080683,-7.579462102689486,0.4621026894865526,58.0,27.0,-0.09879325499671596,-0.07618174952127972,0.3353190953071368
region_removal,3,church,409.0,0.3080684596577017,0.18581907090464547,-12.224938875305622,0.6259168704156479,77.0,27.0,-0.22739296644233842,-0.1393104017714591,0.25303938506685725
inversion,1,church,409.0,0.3080684596577017,0.3202933985330073,1.2224938875305624,0.28117359413202936,22.0,27.0,-0.04440611283907389,-0.012086889760345639,0.296762242184583
inversion,2,church,409.0,0.3080684596577017,0.30073349633251834,-0.7334963325183352,0.2885085574572127,28.0,25.0,-0.040208032177100846,-0.01990310418669653,0.34090725977365427
inversion,3,church,409.0,0.3080684596577017,0.3105134474327628,0.2444987775061136,0.2567237163814181,23.0,24.0,-0.018546558351854824,-0.006144242577649898,0.33365158095482217
grayscale,1,church,409.0,0.3080684596577017,0.30073349633251834,-0.7334963325183352,0.1393643031784841,15.0,12.0,0.010729710455337188,-0.011101177645150196,0.38291135627075046
grayscale,2,church,409.0,0.3080684596577017,0.30317848410757947,-0.48899755501222164,0.17114914425427874,17.0,15.0,0.008680675825454787,0.0012785906121979631,0.37180881431749807
grayscale,3,church,409.0,0.3080684596577017,0.4352078239608802,12.713936430317851,0.39853300733496333,21.0,73.0,-0.026284887384814562,0.0946371262370497,0.20964296451772046
low_contrast,1,church,409.0,0.3080684596577017,0.30073349633251834,-0.7334963325183352,0.15403422982885084,16.0,13.0,-0.02708071043992684,-0.012252655737591869,0.333661248565886
low_contrast,2,church,409.0,0.3080684596577017,0.3105134474327628,0.2444987775061136,0.17114914425427874,16.0,17.0,-0.0308427782979746,-0.013143678843779524,0.3249861861790888
low_contrast,3,church,409.0,0.3080684596577017,0.3202933985330073,1.2224938875305624,0.2567237163814181,19.0,24.0,-0.0715031251493468,-0.015774415910873536,0.27482799424227405
darken,1,church,409.0,0.3080684596577017,0.33496332518337407,2.6894865525672387,0.13447432762836187,7.0,18.0,-0.018521408179278477,0.004039214185777249,0.31808821937128506
darken,2,church,409.0,0.3080684596577017,0.3105134474327628,0.2444987775061136,0.13202933985330073,11.0,12.0,-0.008632349957026596,-0.004384966869566799,0.34729693540369677
darken,3,church,409.0,0.3080684596577017,0.31784841075794623,0.9779951100244544,0.22493887530562348,21.0,25.0,-0.040958813976833465,-0.012535275575299322,0.30539524635359244
brighten,1,church,409.0,0.3080684596577017,0.29095354523227385,-1.711491442542784,0.20048899755501223,22.0,15.0,-0.04216032950685776,-0.029210783364353635,0.33638379859457973
brighten,2,church,409.0,0.3080684596577017,0.26894865525672373,-3.9119804400977953,0.254278728606357,32.0,16.0,-0.07484170011174125,-0.04783300830608723,0.31553496689988814
brighten,3,church,409.0,0.3080684596577017,0.26894865525672373,-3.9119804400977953,0.38141809290953543,40.0,24.0,-0.14458351916562956,-0.06823403991058205,0.24624191690008623
gaussian_blur,1,church,409.0,0.3080684596577017,0.16625916870415647,-14.180929095354522,0.38386308068459657,62.0,4.0,-0.009148653232308063,-0.12077372237924293,0.48391750033188863
gaussian_blur,2,church,409.0,0.3080684596577017,0.06601466992665037,-24.205378973105134,0.7188264058679706,105.0,6.0,-0.20770578849650828,-0.21846503013380253,0.3861299066241913
gaussian_blur,3,church,409.0,0.3080684596577017,0.012224938875305624,-29.584352078239608,0.9119804400977995,121.0,0.0,-0.39523060776949076,-0.26136277205302216,0.2518697756235568
gaussian_noise,1,church,409.0,0.3080684596577017,0.511002444987775,20.293398533007334,0.4547677261613692,9.0,92.0,-0.05283341500316097,0.13388996086898863,0.1182111657991969
gaussian_noise,2,church,409.0,0.3080684596577017,0.37897310513447435,7.090464547677266,0.48655256723716384,28.0,57.0,-0.12402384648951166,0.006034119730359619,0.18745025716412328
gaussian_noise,3,church,409.0,0.3080684596577017,0.18092909535452323,-12.713936430317846,0.706601466992665,80.0,28.0,-0.23843790393113215,-0.14655245269123288,0.23995832298269776
jpeg_compression,1,church,409.0,0.3080684596577017,0.15158924205378974,-15.647921760391196,0.33251833740831294,66.0,2.0,-0.015014187394115336,-0.12514142438841283,0.4943057677382945
jpeg_compression,2,church,409.0,0.3080684596577017,0.1295843520782396,-17.84841075794621,0.4621026894865526,80.0,7.0,-0.04147844599482483,-0.1570623148611657,0.4882625241952887
jpeg_compression,3,church,409.0,0.3080684596577017,0.04645476772616137,-26.161369193154034,0.7946210268948656,112.0,5.0,-0.2891499942696874,-0.2237049434527524,0.3237205602725043
boundary_blur,1,church,409.0,0.3080684596577017,0.31784841075794623,0.9779951100244544,0.3422982885085575,32.0,36.0,-0.05927688925365364,-0.006340736710680996,0.28469036719909796
boundary_blur,2,church,409.0,0.3080684596577017,0.2762836185819071,-3.17848410757946,0.4572127139364303,47.0,34.0,-0.08704293529277617,-0.03681502850281782,0.29599876839366984
boundary_blur,3,church,409.0,0.3080684596577017,0.1980440097799511,-11.002444987775059,0.6234718826405868,73.0,28.0,-0.1775110257484365,-0.11239329105062869,0.2905969588327379
boundary_erase,1,church,409.0,0.3080684596577017,0.32273838630806845,1.466992665036676,0.2176039119804401,16.0,22.0,0.01198654589049682,0.000776510494001285,0.34857348185078146
boundary_erase,2,church,409.0,0.3080684596577017,0.30073349633251834,-0.7334963325183352,0.2665036674816626,27.0,24.0,0.008723807637295106,-0.01467411766761848,0.36731563357312985
boundary_erase,3,church,409.0,0.3080684596577017,0.2762836185819071,-3.17848410757946,0.33496332518337407,40.0,27.0,-0.027455766664813374,-0.039955474510485874,0.37013844958982434
foreground_blur,1,church,409.0,0.3080684596577017,0.25183374083129584,-5.623471882640585,0.4352078239608802,56.0,33.0,-0.056155638045159995,-0.0626073441359612,0.35212705580376474
foreground_blur,2,church,409.0,0.3080684596577017,0.23227383863080683,-7.579462102689486,0.5330073349633252,69.0,38.0,-0.12827987248455983,-0.09538256487218497,0.29877161115298645
foreground_blur,3,church,409.0,0.3080684596577017,0.24449877750611246,-6.356968215158923,0.5623471882640587,68.0,42.0,-0.12396699077196983,-0.09807662680940908,0.30466373661910995
foreground_occlusion,1,church,409.0,0.3080684596577017,0.32273838630806845,1.466992665036676,0.097799511002445,7.0,13.0,0.0019309224519869518,0.0012831876314641731,0.35781863073119324
foreground_occlusion,2,church,409.0,0.3080684596577017,0.29584352078239606,-1.2224938875305624,0.20293398533007334,23.0,18.0,-0.02163084384172353,-0.017216789439093445,0.3519796120198694
foreground_occlusion,3,church,409.0,0.3080684596577017,0.2762836185819071,-3.17848410757946,0.43765281173594134,48.0,35.0,-0.08041531357158221,-0.05913475930720091,0.30394644427288564
background_removal,1,church,409.0,0.3080684596577017,0.22249388753056235,-8.557457212713935,0.35207823960880197,45.0,10.0,-0.0511655195782412,-0.06837855968040542,0.3856659151595496
background_removal,2,church,409.0,0.3080684596577017,0.19559902200489,-11.24694376528117,0.4963325183374083,58.0,12.0,-0.11913555757595741,-0.1079696558598896,0.3445907426875057
background_removal,3,church,409.0,0.3080684596577017,0.06845965770171149,-23.96088019559902,0.7701711491442543,103.0,5.0,-0.24270448916134013,-0.20384965420575085,0.3481611754053015
rand_augment,1,church,409.0,0.3080684596577017,0.2762836185819071,-3.17848410757946,0.2762836185819071,33.0,20.0,-0.021301530210488,-0.032452936613741316,0.3651526471586274
rand_augment,2,church,409.0,0.3080684596577017,0.29095354523227385,-1.711491442542784,0.31784841075794623,33.0,26.0,-0.039442555391409576,-0.037720015359673974,0.33465934025629224
rand_augment,3,church,409.0,0.3080684596577017,0.29095354523227385,-1.711491442542784,0.3154034229828851,34.0,27.0,-0.029583867921660175,-0.0377440926481129,0.3514469143340232
region_removal,1,French horn,394.0,0.8451776649746193,0.7791878172588832,-6.598984771573613,0.13959390862944163,30.0,4.0,-0.05233300338277054,-0.0729963757616399,0.06538914156330716
region_removal,2,French horn,394.0,0.8451776649746193,0.6649746192893401,-18.020304568527923,0.26649746192893403,74.0,3.0,-0.1474933563282496,-0.1890206172249704,0.08243100631622796
region_removal,3,French horn,394.0,0.8451776649746193,0.4720812182741117,-37.309644670050766,0.5,150.0,3.0,-0.30618893156575067,-0.39296114017256306,0.1007469967764041
inversion,1,French horn,394.0,0.8451776649746193,0.7969543147208121,-4.82233502538072,0.12436548223350254,22.0,3.0,-0.036822656254629195,-0.045082391160685874,0.05899849813904259
inversion,2,French horn,394.0,0.8451776649746193,0.8121827411167513,-3.2994923857868064,0.11928934010152284,19.0,6.0,-0.028033565692036286,-0.032183546786102066,0.04590541665172823
inversion,3,French horn,394.0,0.8451776649746193,0.8299492385786802,-1.5228426395939132,0.10406091370558376,15.0,9.0,-0.014866983442364005,-0.021931434189969082,0.05117916364014749
grayscale,1,French horn,394.0,0.8451776649746193,0.8350253807106599,-1.0152284263959421,0.0532994923857868,8.0,4.0,-0.00628001237203022,-0.011355805584130602,0.05791342924088997
grayscale,2,French horn,394.0,0.8451776649746193,0.8375634517766497,-0.7614213197969621,0.06345177664974619,9.0,6.0,-0.0017361283718329396,-0.00924568471653974,0.05521258904697935
grayscale,3,French horn,394.0,0.8451776649746193,0.8071065989847716,-3.8071065989847774,0.14720812182741116,27.0,12.0,-0.02902055739751322,-0.03728519000127606,0.057224518359463794
low_contrast,1,French horn,394.0,0.8451776649746193,0.8299492385786802,-1.5228426395939132,0.06345177664974619,9.0,3.0,-0.011470816310892251,-0.010053710530442211,0.06557004991446044
low_contrast,2,French horn,394.0,0.8451776649746193,0.8223350253807107,-2.2842639593908642,0.06852791878172589,12.0,3.0,-0.015559409626849412,-0.017644676024166226,0.051138843887197125
low_contrast,3,French horn,394.0,0.8451776649746193,0.799492385786802,-4.5685279187817285,0.10406091370558376,21.0,3.0,-0.0369207313482834,-0.040878572771290526,0.050112484675373534
darken,1,French horn,394.0,0.8451776649746193,0.8248730964467005,-2.0304568527918843,0.06598984771573604,9.0,1.0,-0.02162543566056012,-0.023465685896371262,0.05073794116488265
darken,2,French horn,394.0,0.8451776649746193,0.8274111675126904,-1.7766497461928932,0.0583756345177665,10.0,3.0,-0.014171394202763659,-0.019475081054023746,0.05272835398537257
darken,3,French horn,394.0,0.8451776649746193,0.799492385786802,-4.5685279187817285,0.08121827411167512,19.0,1.0,-0.03356396193204798,-0.041771122616906436,0.0575575883013343
brighten,1,French horn,394.0,0.8451776649746193,0.8401015228426396,-0.5076142131979711,0.06852791878172589,7.0,5.0,-0.007628253552363003,-0.008476216806199777,0.058814241271938794
brighten,2,French horn,394.0,0.8451776649746193,0.8096446700507615,-3.5532994923857864,0.09390862944162437,16.0,2.0,-0.02250634024137168,-0.028359230712887006,0.05113318216452739
brighten,3,French horn,394.0,0.8451776649746193,0.7817258883248731,-6.345177664974622,0.13705583756345177,26.0,1.0,-0.06868660465109772,-0.07815394438655045,0.054677903973662956
gaussian_blur,1,French horn,394.0,0.8451776649746193,0.7106598984771574,-13.451776649746193,0.2182741116751269,57.0,4.0,-0.10504753605892815,-0.14733359566345464,0.07340480599004001
gaussian_blur,2,French horn,394.0,0.8451776649746193,0.350253807106599,-49.49238578680203,0.6040609137055838,196.0,1.0,-0.40080460753329666,-0.50451783523221,0.12711155951155476
gaussian_blur,3,French horn,394.0,0.8451776649746193,0.05583756345177665,-78.93401015228427,0.9314720812182741,311.0,0.0,-0.6222960284726723,-0.7662657165139551,0.20003638222700143
gaussian_noise,1,French horn,394.0,0.8451776649746193,0.8223350253807107,-2.2842639593908642,0.12944162436548223,18.0,9.0,-0.044986945194036225,-0.03241614608207917,0.04087694403408147
gaussian_noise,2,French horn,394.0,0.8451776649746193,0.7461928934010152,-9.898477157360407,0.19289340101522842,45.0,6.0,-0.11769983171471182,-0.11415707454530023,0.04057430569555252
gaussian_noise,3,French horn,394.0,0.8451776649746193,0.5558375634517766,-28.934010152284273,0.4263959390862944,117.0,3.0,-0.29485923462656094,-0.3227062953436049,0.04722243384339938
jpeg_compression,1,French horn,394.0,0.8451776649746193,0.766497461928934,-7.868020304568535,0.16243654822335024,36.0,5.0,-0.060520602617091336,-0.08173588953268882,0.06452075406190405
jpeg_compression,2,French horn,394.0,0.8451776649746193,0.6548223350253807,-19.035532994923866,0.26903553299492383,76.0,1.0,-0.13254159167976245,-0.19307174887475093,0.09291546656584679
jpeg_compression,3,French horn,394.0,0.8451776649746193,0.35786802030456855,-48.73096446700508,0.6192893401015228,194.0,2.0,-0.3967085034411571,-0.48994829539592544,0.13395910538014424
boundary_blur,1,French horn,394.0,0.8451776649746193,0.6015228426395939,-24.365482233502544,0.35279187817258884,99.0,3.0,-0.2113442696857876,-0.27672479447374215,0.08386262116698448
boundary_blur,2,French horn,394.0,0.8451776649746193,0.31725888324873097,-52.79187817258884,0.649746192893401,209.0,1.0,-0.3885788375625226,-0.5485168754409698,0.17233225334019678
boundary_blur,3,French horn,394.0,0.8451776649746193,0.1446700507614213,-70.0507614213198,0.8299492385786802,277.0,1.0,-0.4822233157695701,-0.7012846528549104,0.25740144947345184
boundary_erase,1,French horn,394.0,0.8451776649746193,0.7563451776649747,-8.883248730964466,0.16243654822335024,36.0,1.0,-0.04407489710123406,-0.07634858037143315,0.08120576201507888
boundary_erase,2,French horn,394.0,0.8451776649746193,0.7258883248730964,-11.928934010152293,0.19796954314720813,47.0,0.0,-0.07772247355223307,-0.1261353091016429,0.09144463598123055
boundary_erase,3,French horn,394.0,0.8451776649746193,0.6065989847715736,-23.857868020304572,0.33248730964467005,95.0,1.0,-0.1455703210180181,-0.2356156219874279,0.134196093788153
foreground_blur,1,French horn,394.0,0.8451776649746193,0.48223350253807107,-36.29441624365482,0.44416243654822335,145.0,2.0,-0.2442483820853197,-0.3750181664891008,0.15513222581390193
foreground_blur,2,French horn,394.0,0.8451776649746193,0.3147208121827411,-53.04568527918783,0.6421319796954315,210.0,1.0,-0.36923770473201567,-0.532468672652969,0.19421145723669359
foreground_blur,3,French horn,394.0,0.8451776649746193,0.2868020304568528,-55.83756345177665,0.6776649746192893,222.0,2.0,-0.40055678778701476,-0.5744125925673231,0.19081115590758285
foreground_occlusion,1,French horn,394.0,0.8451776649746193,0.7817258883248731,-6.345177664974622,0.1218274111675127,30.0,5.0,-0.043315336807881515,-0.06758332082987864,0.07234068377520225
foreground_occlusion,2,French horn,394.0,0.8451776649746193,0.649746192893401,-19.543147208121837,0.2614213197969543,81.0,4.0,-0.14667093611988924,-0.21080802740547494,0.08791342638622078
foreground_occlusion,3,French horn,394.0,0.8451776649746193,0.4035532994923858,-44.162436548223354,0.5304568527918782,176.0,2.0,-0.3500698414929022,-0.4628068430952553,0.12454683316616237
background_removal,1,French horn,394.0,0.8451776649746193,0.799492385786802,-4.5685279187817285,0.1319796954314721,22.0,4.0,-0.027395014419470946,-0.042888700694155825,0.0552615178607139
background_removal,2,French horn,394.0,0.8451776649746193,0.7258883248730964,-11.928934010152293,0.22842639593908629,53.0,6.0,-0.08698528749764269,-0.12665745247373858,0.08902069506457613
background_removal,3,French horn,394.0,0.8451776649746193,0.5456852791878173,-29.949238578680205,0.4213197969543147,119.0,1.0,-0.23658951549663157,-0.32029608016470273,0.10395814680735475
rand_augment,1,French horn,394.0,0.8451776649746193,0.7766497461928934,-6.852791878172592,0.12944162436548223,30.0,3.0,-0.05153323713746773,-0.07412931800673518,0.06598302394832457
rand_augment,2,French horn,394.0,0.8451776649746193,0.733502538071066,-11.16751269035533,0.1751269035532995,46.0,2.0,-0.06313821745251641,-0.10403819150573798,0.09654859338088084
rand_augment,3,French horn,394.0,0.8451776649746193,0.7182741116751269,-12.690355329949243,0.20558375634517767,56.0,6.0,-0.10272932175527974,-0.13860662593373177,0.07288192352516398
region_removal,1,garbage truck,389.0,0.9023136246786633,0.7789203084832905,-12.339331619537274,0.16709511568123395,52.0,4.0,-0.08535296427789875,-0.1306189768606121,0.06904796652668238
region_removal,2,garbage truck,389.0,0.9023136246786633,0.7043701799485861,-19.79434447300772,0.2596401028277635,83.0,6.0,-0.1398348765960083,-0.21939231030121176,0.08323363287513239
region_removal,3,garbage truck,389.0,0.9023136246786633,0.4601542416452442,-44.21593830334191,0.5115681233933161,174.0,2.0,-0.3061266727075172,-0.4712708623141281,0.1585152717091737
inversion,1,garbage truck,389.0,0.9023136246786633,0.8431876606683805,-5.9125964010282805,0.10282776349614396,27.0,4.0,-0.0643377845154017,-0.08708334798515525,0.06203355115376281
inversion,2,garbage truck,389.0,0.9023136246786633,0.8637532133676092,-3.8560411311054033,0.08740359897172237,20.0,5.0,-0.03328286900465163,-0.049543564586426135,0.05216975529273557
inversion,3,garbage truck,389.0,0.9023136246786633,0.8611825192802056,-4.113110539845765,0.08997429305912596,22.0,6.0,-0.026990031675078876,-0.041838945736533996,0.04779813080489794
grayscale,1,garbage truck,389.0,0.9023136246786633,0.8766066838046273,-2.570694087403602,0.05141388174807198,13.0,3.0,-0.010720617705261799,-0.02141726588196502,0.03519158911888881
grayscale,2,garbage truck,389.0,0.9023136246786633,0.8611825192802056,-4.113110539845765,0.06940874035989718,19.0,3.0,-0.03167402085424389,-0.04713086751280687,0.05167998465443638
grayscale,3,garbage truck,389.0,0.9023136246786633,0.7969151670951157,-10.53984575835476,0.19023136246786632,49.0,8.0,-0.11210821862009314,-0.1508370032342752,0.04448154877038113
low_contrast,1,garbage truck,389.0,0.9023136246786633,0.9074550128534704,0.5141388174807138,0.033419023136246784,4.0,6.0,-0.003588924055157713,-0.006636942194530544,0.04918260633907156
low_contrast,2,garbage truck,389.0,0.9023136246786633,0.8868894601542416,-1.5424164524421635,0.043701799485861184,9.0,3.0,-0.015756877124845827,-0.021239037966657343,0.03665130843042101
low_contrast,3,garbage truck,389.0,0.9023136246786633,0.8586118251928021,-4.370179948586117,0.09768637532133675,22.0,5.0,-0.04323178661896208,-0.05471515784734096,0.06237485347875897
darken,1,garbage truck,389.0,0.9023136246786633,0.8868894601542416,-1.5424164524421635,0.04884318766066838,10.0,4.0,-0.014293016813178296,-0.018072850318238916,0.03690523260624976
darken,2,garbage truck,389.0,0.9023136246786633,0.8920308483290489,-1.0282776349614386,0.05398457583547558,10.0,6.0,-0.012959346203923533,-0.0178577258339293,0.04735466089951962
darken,3,garbage truck,389.0,0.9023136246786633,0.8637532133676092,-3.8560411311054033,0.09254498714652956,21.0,6.0,-0.032918250001488125,-0.047823350255289006,0.04419984716376185
brighten,1,garbage truck,389.0,0.9023136246786633,0.8997429305912596,-0.25706940874036244,0.038560411311053984,5.0,4.0,-0.005761107319731332,-0.010093102582214415,0.05230383781816783
brighten,2,garbage truck,389.0,0.9023136246786633,0.884318766066838,-1.799485861182526,0.05912596401028278,13.0,6.0,-0.03073609340696531,-0.03561168321564549,0.05253463878193368
brighten,3,garbage truck,389.0,0.9023136246786633,0.8251928020565553,-7.712082262210796,0.13881748071979436,36.0,6.0,-0.09888785455021576,-0.12382638930976941,0.06027043419279598
gaussian_blur,1,garbage truck,389.0,0.9023136246786633,0.6786632390745502,-22.36503856041131,0.2699228791773779,90.0,3.0,-0.0903944077980549,-0.21349044044111984,0.14295230355774535
gaussian_blur,2,garbage truck,389.0,0.9023136246786633,0.2416452442159383,-66.0668380462725,0.7249357326478149,257.0,0.0,-0.25153017546837925,-0.6325201533545156,0.41193667972570525
gaussian_blur,3,garbage truck,389.0,0.9023136246786633,0.007712082262210797,-89.46015424164526,0.9820051413881749,348.0,0.0,-0.43360791947204225,-0.8477791990283345,0.4637920976757697
gaussian_noise,1,garbage truck,389.0,0.9023136246786633,0.8740359897172236,-2.8277634961439646,0.11825192802056556,19.0,8.0,-0.08760305484493472,-0.08390557169429431,0.06220542725683178
gaussian_noise,2,garbage truck,389.0,0.9023136246786633,0.8277634961439588,-7.4550128534704445,0.15938303341902313,37.0,8.0,-0.14933405725577498,-0.15639071170316057,0.08223338667446972
gaussian_noise,3,garbage truck,389.0,0.9023136246786633,0.6683804627249358,-23.393316195372748,0.32390745501285345,97.0,6.0,-0.30279225800042747,-0.3532537625671471,0.10251135580663052
jpeg_compression,1,garbage truck,389.0,0.9023136246786633,0.794344473007712,-10.796915167095122,0.14395886889460155,45.0,3.0,-0.07384268843729269,-0.12474293395634702,0.05770452129044076
jpeg_compression,2,garbage truck,389.0,0.9023136246786633,0.6452442159383034,-25.70694087403599,0.3110539845758355,104.0,4.0,-0.1458241093166383,-0.2631563060742038,0.13140258240898958
jpeg_compression,3,garbage truck,389.0,0.9023136246786633,0.34704370179948585,-55.52699228791774,0.6349614395886889,219.0,3.0,-0.4609807554469623,-0.60045488948228,0.1104762192365443
boundary_blur,1,garbage truck,389.0,0.9023136246786633,0.7712082262210797,-13.110539845758362,0.17994858611825193,56.0,5.0,-0.06411029957713689,-0.1398627942789621,0.0888212229721344
boundary_blur,2,garbage truck,389.0,0.9023136246786633,0.6940874035989717,-20.822622107969156,0.2647814910025707,85.0,4.0,-0.12245229816490397,-0.2147076065751261,0.09466247135117302
boundary_blur,3,garbage truck,389.0,0.9023136246786633,0.5809768637532133,-32.133676092544995,0.37789203084832906,127.0,2.0,-0.20395508586670869,-0.3428583155922843,0.127508345694499
boundary_erase,1,garbage truck,389.0,0.9023136246786633,0.8894601542416453,-1.285347043701801,0.05398457583547558,9.0,4.0,0.0003158882605079514,0.0019939562505120675,0.028494389397319644
boundary_erase,2,garbage truck,389.0,0.9023136246786633,0.8920308483290489,-1.0282776349614386,0.07455012853470437,11.0,7.0,0.0028969801981528803,-0.0027028323737138303,0.0357038325661252
boundary_erase,3,garbage truck,389.0,0.9023136246786633,0.8740359897172236,-2.8277634961439646,0.08483290488431877,16.0,5.0,-0.004079266214278792,-0.014934705813645187,0.03767543749591683
foreground_blur,1,garbage truck,389.0,0.9023136246786633,0.7146529562982005,-18.76606683804628,0.2365038560411311,76.0,3.0,-0.1181565004288384,-0.2017715732340817,0.08994263803208082
foreground_blur,2,garbage truck,389.0,0.9023136246786633,0.596401028277635,-30.59125964010283,0.35989717223650386,123.0,4.0,-0.20932235315940068,-0.3188321233367707,0.11269999042651342
foreground_blur,3,garbage truck,389.0,0.9023136246786633,0.570694087403599,-33.16195372750643,0.38817480719794345,132.0,3.0,-0.24794076846620416,-0.36603540874654233,0.09144954391034524
foreground_occlusion,1,garbage truck,389.0,0.9023136246786633,0.8740359897172236,-2.8277634961439646,0.03598971722365039,12.0,1.0,-0.010299060809734854,-0.015168794466405245,0.025588655897002002
foreground_occlusion,2,garbage truck,389.0,0.9023136246786633,0.8251928020565553,-7.712082262210796,0.10282776349614396,32.0,2.0,-0.05191519704185292,-0.07596640774871254,0.050126047120226086
foreground_occlusion,3,garbage truck,389.0,0.9023136246786633,0.7095115681233933,-19.280205655526995,0.2416452442159383,80.0,5.0,-0.15357443224878115,-0.22810035034526288,0.08299983208544146
background_removal,1,garbage truck,389.0,0.9023136246786633,0.8894601542416453,-1.285347043701801,0.06683804627249357,13.0,8.0,-0.022915398773849776,-0.02448493284011705,0.035368246225051185
background_removal,2,garbage truck,389.0,0.9023136246786633,0.7917737789203085,-11.053984575835473,0.19794344473007713,51.0,8.0,-0.09090560633488057,-0.11514883892463594,0.046169723817422695
background_removal,3,garbage truck,389.0,0.9023136246786633,0.40616966580976865,-49.61439588688946,0.5861182519280206,195.0,2.0,-0.37282087248307116,-0.5188827870394087,0.12612156111718298
rand_augment,1,garbage truck,389.0,0.9023136246786633,0.87146529562982,-3.084832904884327,0.08226221079691516,18.0,6.0,-0.018994688432290192,-0.030264051086799023,0.04649124911251282
rand_augment,2,garbage truck,389.0,0.9023136246786633,0.8508997429305912,-5.141388174807204,0.13367609254498714,32.0,12.0,-0.05171240559733619,-0.07455982515448645,0.05821974326528436
rand_augment,3,garbage truck,389.0,0.9023136246786633,0.8020565552699229,-10.025706940874034,0.14652956298200515,44.0,5.0,-0.08905842399420959,-0.11906110191051722,0.04657355145309456
region_removal,1,gas pump,419.0,0.8615751789976134,0.7708830548926014,-9.069212410501192,0.16945107398568018,42.0,4.0,-0.09087115114550318,-0.11221996712402287,0.06107649597426017
region_removal,2,gas pump,419.0,0.8615751789976134,0.6252983293556086,-23.62768496420048,0.3198090692124105,104.0,5.0,-0.2264822492896088,-0.29314774302248076,0.07360795205170045
region_removal,3,gas pump,419.0,0.8615751789976134,0.39618138424821003,-46.53937947494033,0.568019093078759,196.0,1.0,-0.39625616348515263,-0.49815336194234316,0.10181135575782715
inversion,1,gas pump,419.0,0.8615751789976134,0.8090692124105012,-5.250596658711215,0.12171837708830549,28.0,6.0,-0.04690584931567062,-0.07251648246647881,0.05436865325688176
inversion,2,gas pump,419.0,0.8615751789976134,0.8090692124105012,-5.250596658711215,0.10501193317422435,26.0,4.0,-0.05065354431906008,-0.07056066899883799,0.07318174153530793
inversion,3,gas pump,419.0,0.8615751789976134,0.8090692124105012,-5.250596658711215,0.09069212410501193,24.0,2.0,-0.03482527520534247,-0.060340699312782256,0.07332285797681336
grayscale,1,gas pump,419.0,0.8615751789976134,0.8758949880668258,1.4319809069212375,0.045346062052505964,2.0,8.0,-0.0055187376913990215,0.0008166852977716658,0.0461486971499243
grayscale,2,gas pump,419.0,0.8615751789976134,0.8687350835322196,0.7159904534606243,0.06682577565632458,8.0,11.0,-0.017801964286545863,-0.01672645277146823,0.051661015659357296
grayscale,3,gas pump,419.0,0.8615751789976134,0.7899761336515513,-7.159904534606209,0.17422434367541767,43.0,13.0,-0.0836986690350677,-0.11677430513334257,0.08070026737302188
low_contrast,1,gas pump,419.0,0.8615751789976134,0.8568019093078759,-0.4773269689737458,0.0405727923627685,6.0,4.0,-0.009452094806264863,-0.011521118381489923,0.042263947338363715
low_contrast,2,gas pump,419.0,0.8615751789976134,0.8544152744630071,-0.7159904534606243,0.059665871121718374,9.0,6.0,-0.019000129760876477,-0.012200049327152003,0.047432872749029305
low_contrast,3,gas pump,419.0,0.8615751789976134,0.8424821002386634,-1.9093078758949944,0.08353221957040573,14.0,6.0,-0.05864357204134254,-0.0540637672165237,0.04575775527264162
darken,1,gas pump,419.0,0.8615751789976134,0.8758949880668258,1.4319809069212375,0.0405727923627685,2.0,8.0,-0.008819812913214108,-0.0013941343346918235,0.04285233407359138
darken,2,gas pump,419.0,0.8615751789976134,0.8711217183770883,0.9546539379474916,0.0405727923627685,3.0,7.0,-0.010486477368060045,-0.006563897178002532,0.04774634362262872
darken,3,gas pump,419.0,0.8615751789976134,0.8520286396181385,-0.9546539379474916,0.08353221957040573,12.0,8.0,-0.03218446974253598,-0.03224905934685598,0.04569661988918992
brighten,1,gas pump,419.0,0.8615751789976134,0.8448687350835322,-1.670644391408116,0.07159904534606205,12.0,5.0,-0.03573901449865828,-0.03951254131814642,0.06081021040109005
brighten,2,gas pump,419.0,0.8615751789976134,0.8186157517899761,-4.2959427207637235,0.10501193317422435,25.0,7.0,-0.06422275009616178,-0.06815008116806627,0.04131453278027742
brighten,3,gas pump,419.0,0.8615751789976134,0.7684964200477327,-9.307875894988072,0.16467780429594273,45.0,6.0,-0.1432475711981408,-0.16060568985586826,0.07181288916306451
gaussian_blur,1,gas pump,419.0,0.8615751789976134,0.6873508353221957,-17.422434367541772,0.23627684964200477,73.0,0.0,-0.14563970767441684,-0.21103796876958897,0.0856354176855884
gaussian_blur,2,gas pump,419.0,0.8615751789976134,0.31742243436754175,-54.41527446300716,0.6515513126491647,229.0,1.0,-0.4132036781894279,-0.5815798425523454,0.15919653678352907
gaussian_blur,3,gas pump,419.0,0.8615751789976134,0.05250596658711217,-80.90692124105013,0.9355608591885441,339.0,0.0,-0.567550711200388,-0.7888070143151978,0.2697659715529984
gaussian_noise,1,gas pump,419.0,0.8615751789976134,0.7971360381861575,-6.443914081145586,0.15274463007159905,33.0,6.0,-0.11597248369512239,-0.12141245347274043,0.053980466218438536
gaussian_noise,2,gas pump,419.0,0.8615751789976134,0.6563245823389021,-20.525059665871126,0.3031026252983294,90.0,4.0,-0.2455536700020542,-0.27510993261341943,0.062480065642649324
gaussian_noise,3,gas pump,419.0,0.8615751789976134,0.3627684964200477,-49.88066825775657,0.6229116945107399,209.0,0.0,-0.4429996852943038,-0.5347983519558444,0.09407132520809379
jpeg_compression,1,gas pump,419.0,0.8615751789976134,0.7589498806682577,-10.262529832935563,0.18377088305489261,46.0,3.0,-0.09100402399079612,-0.1418100187903579,0.08618801330751907
jpeg_compression,2,gas pump,419.0,0.8615751789976134,0.594272076372315,-26.730310262529834,0.3436754176610978,112.0,0.0,-0.20820606940010283,-0.3097961600059098,0.10621186785915586
jpeg_compression,3,gas pump,419.0,0.8615751789976134,0.22911694510739858,-63.24582338902148,0.7517899761336515,265.0,0.0,-0.5148768940126981,-0.6548013735215908,0.145828810220402
boundary_blur,1,gas pump,419.0,0.8615751789976134,0.7231503579952268,-13.842482100238662,0.21241050119331742,63.0,5.0,-0.13330101915290646,-0.17834596399935546,0.08521427808058293
boundary_blur,2,gas pump,419.0,0.8615751789976134,0.6133651551312649,-24.82100238663485,0.3341288782816229,107.0,3.0,-0.1877261898202515,-0.2712762955436384,0.09187322265528554
boundary_blur,3,gas pump,419.0,0.8615751789976134,0.5059665871121718,-35.56085918854416,0.4630071599045346,152.0,3.0,-0.2635879885040775,-0.37221714479827117,0.1202680737242494
boundary_erase,1,gas pump,419.0,0.8615751789976134,0.8496420047732697,-1.1933174224343701,0.10023866348448687,17.0,12.0,-0.03382653510975951,-0.03803653623161019,0.039245579942954176
boundary_erase,2,gas pump,419.0,0.8615751789976134,0.8210023866348448,-4.057279236276856,0.1360381861575179,27.0,10.0,-0.060290038834608255,-0.07078884420304493,0.04634910151540238
boundary_erase,3,gas pump,419.0,0.8615751789976134,0.7446300715990454,-11.694510739856801,0.22673031026252982,56.0,7.0,-0.1107536301834771,-0.14805011281222133,0.07107023206630582
foreground_blur,1,gas pump,419.0,0.8615751789976134,0.5799522673031027,-28.16229116945107,0.36992840095465396,121.0,3.0,-0.23496848974279116,-0.32398501427202947,0.0882177683113583
foreground_blur,2,gas pump,419.0,0.8615751789976134,0.36754176610978523,-49.40334128878281,0.5918854415274463,207.0,0.0,-0.3504515651764619,-0.5240416330325087,0.18102708668725873
foreground_blur,3,gas pump,419.0,0.8615751789976134,0.315035799522673,-54.653937947494036,0.6539379474940334,231.0,2.0,-0.39454368560581615,-0.5891600889130594,0.18024316421200953
foreground_occlusion,1,gas pump,419.0,0.8615751789976134,0.8210023866348448,-4.057279236276856,0.09307875894988067,21.0,4.0,-0.05693292978768701,-0.0626314076353213,0.05372970798419595
foreground_occlusion,2,gas pump,419.0,0.8615751789976134,0.6539379474940334,-20.763723150357993,0.2840095465393795,90.0,3.0,-0.1640647156319641,-0.23800785272689434,0.08906366176423142
foreground_occlusion,3,gas pump,419.0,0.8615751789976134,0.4224343675417661,-43.914081145584724,0.5250596658711217,185.0,1.0,-0.34948629726764696,-0.5005299970700328,0.13596007404826707
background_removal,1,gas pump,419.0,0.8615751789976134,0.8233890214797136,-3.8186157517899777,0.11694510739856802,21.0,5.0,-0.041895855476008395,-0.0474308635960224,0.04317155844912042
background_removal,2,gas pump,419.0,0.8615751789976134,0.6992840095465394,-16.229116945107403,0.27684964200477324,76.0,8.0,-0.13161028404153333,-0.17625698165023646,0.06528677345033479
background_removal,3,gas pump,419.0,0.8615751789976134,0.477326968973747,-38.424821002386636,0.5035799522673031,165.0,4.0,-0.3290568275492736,-0.4177040602617625,0.08513560870924614
rand_augment,1,gas pump,419.0,0.8615751789976134,0.7971360381861575,-6.443914081145586,0.13842482100238662,33.0,6.0,-0.07016016567806072,-0.0889642648259565,0.05537420925562024
rand_augment,2,gas pump,419.0,0.8615751789976134,0.7517899761336515,-10.978520286396186,0.19331742243436753,54.0,8.0,-0.1066293274908191,-0.13480903808892905,0.053224400823895845
rand_augment,3,gas pump,419.0,0.8615751789976134,0.6992840095465394,-16.229116945107403,0.2243436754176611,71.0,3.0,-0.14203342493970242,-0.19392322998115336,0.08329824986812037
region_removal,1,golf ball,399.0,0.9598997493734336,0.9423558897243107,-1.7543859649122862,0.03759398496240601,9.0,2.0,-0.016296863910697755,-0.022151259984718962,0.029314192632834073
region_removal,2,golf ball,399.0,0.9598997493734336,0.8847117794486216,-7.518796992481203,0.10776942355889724,32.0,2.0,-0.0759047557574167,-0.09222411242863611,0.024542150398095437
region_removal,3,golf ball,399.0,0.9598997493734336,0.8020050125313283,-15.789473684210531,0.20300751879699247,67.0,4.0,-0.20496798205401814,-0.23246601874281286,0.059846663511449245
inversion,1,golf ball,399.0,0.9598997493734336,0.9298245614035088,-3.007518796992481,0.045112781954887216,13.0,1.0,-0.021549614524482785,-0.03186149179326317,0.027014849740162234
inversion,2,golf ball,399.0,0.9598997493734336,0.9398496240601504,-2.0050125313283207,0.03759398496240601,10.0,2.0,-0.014530697655408903,-0.024151199801249766,0.023305161050835924
inversion,3,golf ball,399.0,0.9598997493734336,0.9423558897243107,-1.7543859649122862,0.03258145363408521,9.0,2.0,-0.0055309591025935675,-0.014871829499454526,0.026315294280834997
grayscale,1,golf ball,399.0,0.9598997493734336,0.9674185463659147,0.7518796992481147,0.015037593984962405,1.0,4.0,0.00013652027474907706,0.0037398062279892274,0.02333531132840878
grayscale,2,golf ball,399.0,0.9598997493734336,0.9598997493734336,0.0,0.017543859649122806,2.0,2.0,-0.00373877366458563,0.00011169366701695727,0.015400864818789316
grayscale,3,golf ball,399.0,0.9598997493734336,0.9197994987468672,-4.010025062656641,0.08020050125313283,19.0,3.0,-0.038450111506651515,-0.0470192864502725,0.02645706901686242
low_contrast,1,golf ball,399.0,0.9598997493734336,0.9423558897243107,-1.7543859649122862,0.020050125313283207,7.0,0.0,-0.009868762098756948,-0.011659492598204665,0.021502208179399764
low_contrast,2,golf ball,399.0,0.9598997493734336,0.949874686716792,-1.0025062656641603,0.020050125313283207,5.0,1.0,-0.009438199675023407,-0.009498251286670967,0.018234281331524785
low_contrast,3,golf ball,399.0,0.9598997493734336,0.9448621553884712,-1.5037593984962405,0.03007518796992481,6.0,0.0,-0.023665165673371843,-0.02619393174994966,0.02585508790156603
darken,1,golf ball,399.0,0.9598997493734336,0.949874686716792,-1.0025062656641603,0.020050125313283207,6.0,2.0,-0.006564959510227193,-0.011227912541843145,0.02782333285587471
darken,2,golf ball,399.0,0.9598997493734336,0.949874686716792,-1.0025062656641603,0.012531328320802004,4.0,0.0,-0.006426674698976646,-0.008344663395877533,0.02452362033732246
darken,3,golf ball,399.0,0.9598997493734336,0.949874686716792,-1.0025062656641603,0.02756892230576441,6.0,2.0,-0.013908873748659789,-0.012416697369937588,0.02439918326106582
brighten,1,golf ball,399.0,0.9598997493734336,0.9598997493734336,0.0,0.010025062656641603,2.0,2.0,-0.006952333719210517,-0.007922388565633978,0.030579093815688782
brighten,2,golf ball,399.0,0.9598997493734336,0.9448621553884712,-1.5037593984962405,0.03007518796992481,8.0,2.0,-0.016817815835239894,-0.023050266702177014,0.026269115274188463
brighten,3,golf ball,399.0,0.9598997493734336,0.9223057644110275,-3.759398496240607,0.05513784461152882,16.0,1.0,-0.0460559987231977,-0.054554592036020165,0.04267848318064567
gaussian_blur,1,golf ball,399.0,0.9598997493734336,0.8922305764411027,-6.766917293233088,0.08521303258145363,27.0,0.0,-0.037662091121114884,-0.08174275113698518,0.057623135668218625
gaussian_blur,2,golf ball,399.0,0.9598997493734336,0.681704260651629,-27.819548872180455,0.3107769423558897,111.0,0.0,-0.1588072419203911,-0.2915781426165908,0.13634514190574037
gaussian_blur,3,golf ball,399.0,0.9598997493734336,0.40100250626566414,-55.88972431077694,0.5939849624060151,223.0,0.0,-0.3578817842150093,-0.5926121029259128,0.21587977754442317
gaussian_noise,1,golf ball,399.0,0.9598997493734336,0.9097744360902256,-5.012531328320802,0.07268170426065163,22.0,2.0,-0.0644855435872287,-0.07315611766511151,0.024936084712582435
gaussian_noise,2,golf ball,399.0,0.9598997493734336,0.8020050125313283,-15.789473684210531,0.18295739348370926,64.0,1.0,-0.1582059465899578,-0.2020842767407821,0.051023081696608595
gaussian_noise,3,golf ball,399.0,0.9598997493734336,0.518796992481203,-44.11027568922306,0.47619047619047616,176.0,0.0,-0.38956257407285066,-0.4981338889242112,0.07163338391647157
jpeg_compression,1,golf ball,399.0,0.9598997493734336,0.9047619047619048,-5.513784461152882,0.06015037593984962,22.0,0.0,-0.025624977821544895,-0.05622259080720189,0.04331295492879139
jpeg_compression,2,golf ball,399.0,0.9598997493734336,0.8170426065162907,-14.28571428571429,0.16541353383458646,57.0,0.0,-0.09135804161018596,-0.16418984366796627,0.07235671002837947
jpeg_compression,3,golf ball,399.0,0.9598997493734336,0.49624060150375937,-46.36591478696742,0.5037593984962406,185.0,0.0,-0.4257395371402565,-0.5459143578802906,0.09063562073915224
boundary_blur,1,golf ball,399.0,0.9598997493734336,0.8972431077694235,-6.265664160401007,0.09022556390977443,28.0,3.0,-0.03727399875272187,-0.06416796541176198,0.0404991343019899
boundary_blur,2,golf ball,399.0,0.9598997493734336,0.8847117794486216,-7.518796992481203,0.11779448621553884,35.0,5.0,-0.07042192305463896,-0.10175343391747167,0.05284638387293441
boundary_blur,3,golf ball,399.0,0.9598997493734336,0.849624060150376,-11.027568922305765,0.15538847117794485,48.0,4.0,-0.10802894375079258,-0.15307667295263327,0.06727730671415352
boundary_erase,1,golf ball,399.0,0.9598997493734336,0.9097744360902256,-5.012531328320802,0.07268170426065163,22.0,2.0,-0.03863454727750076,-0.05466915062711257,0.03252964024256942
boundary_erase,2,golf ball,399.0,0.9598997493734336,0.899749373433584,-6.015037593984962,0.08270676691729323,25.0,1.0,-0.05666754964767094,-0.0806716759902325,0.0446851902167525
boundary_erase,3,golf ball,399.0,0.9598997493734336,0.8345864661654135,-12.531328320802004,0.14536340852130325,50.0,0.0,-0.0999799641759548,-0.14697665415543956,0.05982664718122256
foreground_blur,1,golf ball,399.0,0.9598997493734336,0.7493734335839599,-21.052631578947366,0.24812030075187969,87.0,3.0,-0.08833198479019609,-0.22174907053049106,0.14333451453381615
foreground_blur,2,golf ball,399.0,0.9598997493734336,0.5463659147869674,-41.35338345864662,0.44360902255639095,166.0,1.0,-0.18163534862579858,-0.4226096715900376,0.24864904808445382
foreground_blur,3,golf ball,399.0,0.9598997493734336,0.49624060150375937,-46.36591478696742,0.49373433583959897,186.0,1.0,-0.22257653178465098,-0.47798729827318315,0.24759472816024802
foreground_occlusion,1,golf ball,399.0,0.9598997493734336,0.9047619047619048,-5.513784461152882,0.07518796992481203,24.0,2.0,-0.04705625937266607,-0.0630791980887474,0.03847577461604032
foreground_occlusion,2,golf ball,399.0,0.9598997493734336,0.8020050125313283,-15.789473684210531,0.18295739348370926,65.0,2.0,-0.10794800484931111,-0.1735115807965533,0.06545340116217475
foreground_occlusion,3,golf ball,399.0,0.9598997493734336,0.656641604010025,-30.325814536340857,0.3308270676691729,121.0,0.0,-0.238868800540429,-0.33968102489578605,0.09282312143995497
background_removal,1,golf ball,399.0,0.9598997493734336,0.9523809523809523,-0.7518796992481258,0.03508771929824561,6.0,3.0,-0.004936061706160543,-0.01134833069979384,0.029343585733483002
background_removal,2,golf ball,399.0,0.9598997493734336,0.9172932330827067,-4.260651629072687,0.06265664160401002,18.0,1.0,-0.023741926129599262,-0.03691964378125838,0.04266061714119773
background_removal,3,golf ball,399.0,0.9598997493734336,0.8220551378446115,-13.78446115288221,0.17042606516290726,57.0,2.0,-0.12651945494190045,-0.15284915487782633,0.02894008302020104
rand_augment,1,golf ball,399.0,0.9598997493734336,0.9323308270676691,-2.7568922305764465,0.047619047619047616,13.0,2.0,-0.022510157473254622,-0.030258415313335462,0.026260308473181913
rand_augment,2,golf ball,399.0,0.9598997493734336,0.9072681704260651,-5.263157894736848,0.06516290726817042,21.0,0.0,-0.03757456708746148,-0.05255200859720301,0.03376959157841544
rand_augment,3,golf ball,399.0,0.9598997493734336,0.899749373433584,-6.015037593984962,0.07769423558897243,24.0,0.0,-0.0548558784812166,-0.07172158224919595,0.03209562787323965
region_removal,1,parachute,390.0,0.9230769230769231,0.8564102564102564,-6.666666666666677,0.11282051282051282,30.0,4.0,-0.055513928066461514,-0.07611460907941457,0.06440429236644356
region_removal,2,parachute,390.0,0.9230769230769231,0.7410256410256411,-18.205128205128208,0.21794871794871795,73.0,2.0,-0.15271174187461536,-0.19537019688518156,0.048598689203843096
region_removal,3,parachute,390.0,0.9230769230769231,0.5358974358974359,-38.71794871794872,0.45897435897435895,152.0,1.0,-0.35526734842226293,-0.43456404354556943,0.055552552186716814
inversion,1,parachute,390.0,0.9230769230769231,0.8871794871794871,-3.589743589743599,0.08717948717948718,17.0,3.0,-0.02924269156005138,-0.035852536524665385,0.03824710436165338
inversion,2,parachute,390.0,0.9230769230769231,0.9,-2.3076923076923106,0.06923076923076923,13.0,4.0,-0.020545233900730427,-0.02071593515757764,0.0260752731408828
inversion,3,parachute,390.0,0.9230769230769231,0.9,-2.3076923076923106,0.06666666666666667,13.0,4.0,-0.024108878866984294,-0.026119625376491176,0.03081584738997312
grayscale,1,parachute,390.0,0.9230769230769231,0.9102564102564102,-1.2820512820512886,0.03333333333333333,8.0,3.0,-0.014148460242610711,-0.02044030270941827,0.044609402320705954
grayscale,2,parachute,390.0,0.9230769230769231,0.8923076923076924,-3.076923076923077,0.06666666666666667,16.0,4.0,-0.02556787898334173,-0.03323164563594335,0.03997572972797428
grayscale,3,parachute,390.0,0.9230769230769231,0.8076923076923077,-11.538461538461542,0.1717948717948718,49.0,4.0,-0.08760313025842874,-0.12429683045948668,0.05617112837349756
low_contrast,1,parachute,390.0,0.9230769230769231,0.9153846153846154,-0.7692307692307776,0.04358974358974359,6.0,3.0,-0.002654896380427556,-0.004405319138179318,0.026265564398505734
low_contrast,2,parachute,390.0,0.9230769230769231,0.9,-2.3076923076923106,0.05641025641025641,11.0,2.0,-0.010629421052260276,-0.01375504943153385,0.03683046939281314
low_contrast,3,parachute,390.0,0.9230769230769231,0.9,-2.3076923076923106,0.06923076923076923,13.0,4.0,-0.023419884506326455,-0.02892248366660146,0.03206724378351985
darken,1,parachute,390.0,0.9230769230769231,0.9179487179487179,-0.5128205128205221,0.028205128205128206,5.0,3.0,0.000602426895728478,0.0013770181407707217,0.03320772968805752
darken,2,parachute,390.0,0.9230769230769231,0.9179487179487179,-0.5128205128205221,0.038461538461538464,6.0,4.0,-0.00790836778588784,-0.007793245958582235,0.03772817978110073
darken,3,parachute,390.0,0.9230769230769231,0.9051282051282051,-1.7948717948717996,0.0641025641025641,11.0,4.0,-0.02135015889429129,-0.02624130927572715,0.04212285695740808
brighten,1,parachute,390.0,0.9230769230769231,0.9025641025641026,-2.051282051282055,0.05128205128205128,11.0,3.0,-0.01611732563529259,-0.01661879410896337,0.04187234214101087
brighten,2,parachute,390.0,0.9230769230769231,0.8897435897435897,-3.3333333333333437,0.06666666666666667,14.0,1.0,-0.028724929246191796,-0.033993994090400145,0.04160503472368691
brighten,3,parachute,390.0,0.9230769230769231,0.8615384615384616,-6.153846153846154,0.11538461538461539,25.0,1.0,-0.07365384621975514,-0.08209894475441662,0.04794053260045938
gaussian_blur,1,parachute,390.0,0.9230769230769231,0.8358974358974359,-8.71794871794872,0.1282051282051282,34.0,0.0,-0.060734221587578456,-0.09368306421749413,0.03989250203355765
gaussian_blur,2,parachute,390.0,0.9230769230769231,0.5538461538461539,-36.92307692307693,0.4307692307692308,145.0,1.0,-0.33912616344168783,-0.43622227200756486,0.07895625548150677
gaussian_blur,3,parachute,390.0,0.9230769230769231,0.1282051282051282,-79.48717948717949,0.8666666666666667,310.0,0.0,-0.6249675040873579,-0.8103051104348803,0.17198767096090772
gaussian_noise,1,parachute,390.0,0.9230769230769231,0.8692307692307693,-5.384615384615388,0.11282051282051282,23.0,2.0,-0.06375529805246072,-0.06020607178316613,0.033389592868013254
gaussian_noise,2,parachute,390.0,0.9230769230769231,0.823076923076923,-10.000000000000009,0.17435897435897435,44.0,5.0,-0.13858097398605868,-0.15002362968520266,0.05357037254919614
gaussian_noise,3,parachute,390.0,0.9230769230769231,0.6153846153846154,-30.76923076923077,0.38461538461538464,123.0,3.0,-0.3129843264483871,-0.37755799867815465,0.07403695167352757
jpeg_compression,1,parachute,390.0,0.9230769230769231,0.8384615384615385,-8.461538461538465,0.12051282051282051,34.0,1.0,-0.06205839012295772,-0.09783188524198545,0.05953644049855379
jpeg_compression,2,parachute,390.0,0.9230769230769231,0.7435897435897436,-17.948717948717952,0.2153846153846154,71.0,1.0,-0.14616797380149366,-0.21007350759117308,0.06587075267273648
jpeg_compression,3,parachute,390.0,0.9230769230769231,0.3871794871794872,-53.5897435897436,0.5948717948717949,210.0,1.0,-0.5138512494902198,-0.609770561949494,0.0688696420297791
boundary_blur,1,parachute,390.0,0.9230769230769231,0.658974358974359,-26.410256410256416,0.3076923076923077,103.0,0.0,-0.20570550089558728,-0.28711668845414984,0.08378326856077484
boundary_blur,2,parachute,390.0,0.9230769230769231,0.6128205128205129,-31.025641025641026,0.35128205128205126,121.0,0.0,-0.28891279041194,-0.3798261709763502,0.07784462447922963
boundary_blur,3,parachute,390.0,0.9230769230769231,0.5358974358974359,-38.71794871794872,0.441025641025641,154.0,3.0,-0.3771930941499961,-0.4795675857573046,0.0799272077301374
boundary_erase,1,parachute,390.0,0.9230769230769231,0.8461538461538461,-7.692307692307699,0.12307692307692308,35.0,5.0,-0.07282018128973551,-0.09705524518899088,0.049276082346645725
boundary_erase,2,parachute,390.0,0.9230769230769231,0.7794871794871795,-14.358974358974363,0.18974358974358974,61.0,5.0,-0.12072777633005992,-0.16866586970516856,0.06663972215297133
boundary_erase,3,parachute,390.0,0.9230769230769231,0.7025641025641025,-22.05128205128206,0.2692307692307692,88.0,2.0,-0.21819544616035927,-0.2753978612436092,0.0713951016274782
foreground_blur,1,parachute,390.0,0.9230769230769231,0.7051282051282052,-21.794871794871796,0.26666666666666666,86.0,1.0,-0.1923484286532188,-0.2645844441172952,0.07104456454324418
foreground_blur,2,parachute,390.0,0.9230769230769231,0.441025641025641,-48.20512820512821,0.5384615384615384,188.0,0.0,-0.3724300512709679,-0.5054574890347561,0.12100088586791968
foreground_blur,3,parachute,390.0,0.9230769230769231,0.37435897435897436,-54.871794871794876,0.6102564102564103,214.0,0.0,-0.43818578624094906,-0.5705174010529449,0.10716672669140957
foreground_occlusion,1,parachute,390.0,0.9230769230769231,0.841025641025641,-8.20512820512821,0.11025641025641025,34.0,2.0,-0.07573972087926589,-0.09704503231895241,0.0544399297055908
foreground_occlusion,2,parachute,390.0,0.9230769230769231,0.7307692307692307,-19.23076923076924,0.23846153846153847,80.0,5.0,-0.17556856303738477,-0.21989964001217907,0.03701336358506712
foreground_occlusion,3,parachute,390.0,0.9230769230769231,0.517948717948718,-40.51282051282051,0.46923076923076923,159.0,1.0,-0.3614264287770941,-0.44231979502674046,0.07443595980891049
background_removal,1,parachute,390.0,0.9230769230769231,0.8615384615384616,-6.153846153846154,0.11282051282051282,28.0,4.0,-0.05721751772440397,-0.07041731353566343,0.039343794568991036
background_removal,2,parachute,390.0,0.9230769230769231,0.8461538461538461,-7.692307692307699,0.15128205128205127,38.0,8.0,-0.07044131320256453,-0.09003105964929534,0.03988394874792826
background_removal,3,parachute,390.0,0.9230769230769231,0.8128205128205128,-11.02564102564103,0.18461538461538463,49.0,6.0,-0.11835787469186844,-0.13990683797872827,0.049200749215789374
rand_augment,1,parachute,390.0,0.9230769230769231,0.8743589743589744,-4.871794871794877,0.08205128205128205,22.0,3.0,-0.030816535871380415,-0.05085452251660172,0.04891011173335405
rand_augment,2,parachute,390.0,0.9230769230769231,0.8769230769230769,-4.615384615384621,0.10256410256410256,23.0,5.0,-0.05364509387276112,-0.06293850391360674,0.055815611454920845
rand_augment,3,parachute,390.0,0.9230769230769231,0.8205128205128205,-10.256410256410264,0.15384615384615385,43.0,3.0,-0.08392760117944234,-0.11127498321812032,0.0358227397530125
