perturbation,family,level,severity,n,acc_clean,acc_pert,delta_pp,changed_rate,correct_to_wrong,wrong_to_correct,conf_shift,true_prob_shift,ece_pert,psnr,ssim
region_removal,occlusion,1,0.1,3925.0,0.7936305732484077,0.7345222929936306,-5.91082802547771,0.15719745222929937,316.0,84.0,-0.056496751164175144,-0.07380938672807327,0.06607328911495818,16.63712209618856,0.8807813549041748
region_removal,occlusion,2,0.2,3925.0,0.7936305732484077,0.6410191082802548,-15.261146496815293,0.28203821656050954,693.0,94.0,-0.14487491572026615,-0.17669144743462833,0.0694643028294015,13.372031009921326,0.7699970966235847
region_removal,occlusion,3,0.35,3925.0,0.7936305732484077,0.4751592356687898,-31.84713375796179,0.48433121019108283,1323.0,73.0,-0.30163337380892247,-0.35576411175253875,0.07493626676416797,10.764202129481403,0.6072132452582099
inversion,color,1,0.7,3925.0,0.7936305732484077,0.7554140127388536,-3.821656050955413,0.13503184713375796,228.0,78.0,-0.041906161269374714,-0.05000804720228355,0.05812285446152567,8.210756883546615,-0.09358147002778794
inversion,color,2,0.85,3925.0,0.7936305732484077,0.763312101910828,-3.03184713375797,0.12382165605095541,199.0,80.0,-0.031010962380630197,-0.03865092902953239,0.062327410546932235,6.524338921988223,-0.24954821767795246
inversion,color,3,1.0,3925.0,0.7936305732484077,0.7696815286624203,-2.3949044585987345,0.11031847133757962,176.0,82.0,-0.022372473266663823,-0.029432645555937418,0.0611205065924271,5.112717597713482,-0.3086692336838861
grayscale,color,1,0.5,3925.0,0.7936305732484077,0.7910828025477707,-0.2547770700636942,0.061146496815286625,76.0,66.0,-0.004948194053047782,-0.007662179368651511,0.06050580666750485,32.217530115487726,0.9782590747335155
grayscale,color,2,0.75,3925.0,0.7936305732484077,0.7834394904458599,-1.0191082802547768,0.08356687898089173,116.0,76.0,-0.0129508532018988,-0.015172153007774362,0.057179972653271245,28.757077571538023,0.9607237780170076
grayscale,color,3,1.0,3925.0,0.7936305732484077,0.7225477707006369,-7.108280254777077,0.2129936305732484,423.0,144.0,-0.08177439515188241,-0.09620903202961231,0.057478265749041475,26.288353848696513,0.9401419296386135
low_contrast,photometric,1,0.5,3925.0,0.7936305732484077,0.7821656050955414,-1.146496815286624,0.06394904458598726,91.0,46.0,-0.009718762900988767,-0.01028384961999943,0.058217837452698616,18.562535798872783,0.8006547837728148
low_contrast,photometric,2,0.3,3925.0,0.7936305732484077,0.781656050955414,-1.1974522292993672,0.07541401273885351,108.0,61.0,-0.01633112552059684,-0.014744834395222922,0.051089489319521945,15.639975202074943,0.6351976185961135
low_contrast,photometric,3,0.15,3925.0,0.7936305732484077,0.7689171974522293,-2.4713375796178383,0.11694267515923566,173.0,76.0,-0.04357445055132459,-0.040428530315522807,0.04312541807533071,13.953557385542252,0.4797726234338086
darken,photometric,1,0.6,3925.0,0.7936305732484077,0.7870063694267516,-0.6624203821656072,0.05605095541401274,76.0,50.0,-0.010875128267012583,-0.010177384893957272,0.05562009863270702,14.034894864367185,0.8167188540993223
darken,photometric,2,0.4,3925.0,0.7936305732484077,0.7859872611464969,-0.7643312101910826,0.05808917197452229,78.0,48.0,-0.009910821878606348,-0.011197843388185526,0.05738643712488709,10.513069243228145,0.5590380573500493
darken,photometric,3,0.2,3925.0,0.7936305732484077,0.772484076433121,-2.1146496815286686,0.09961783439490446,153.0,70.0,-0.03163725436303266,-0.031615145038278086,0.055463880552987344,8.014294401810533,0.2468775288352541
brighten,photometric,1,0.6,3925.0,0.7936305732484077,0.7796178343949045,-1.4012738853503182,0.08050955414012739,113.0,58.0,-0.019510978351637814,-0.022081265186256607,0.05854999344297655,12.459803269990902,0.7461447094314417
brighten,photometric,2,0.4,3925.0,0.7936305732484077,0.7559235668789809,-3.770700636942681,0.11694267515923566,210.0,62.0,-0.0425626968421564,-0.046603776971392945,0.05690054345235323,8.937977768956262,0.5978975690720947
brighten,photometric,3,0.2,3925.0,0.7936305732484077,0.7136305732484076,-8.000000000000007,0.18980891719745224,380.0,66.0,-0.10084031266486569,-0.10912041652502298,0.056942968790887984,6.439202933856943,0.42802231448945727
gaussian_blur,blur,1,1.0,3925.0,0.7936305732484077,0.6901910828025478,-10.343949044585987,0.21859872611464967,498.0,92.0,-0.06111119803254771,-0.11055328440964568,0.10060085378539793,27.5141568749377,0.8687893256867767
gaussian_blur,blur,2,2.0,3925.0,0.7936305732484077,0.4384713375796178,-35.51592356687899,0.5289171974522293,1476.0,82.0,-0.25743897127046894,-0.3697851297571849,0.15253541424467115,23.531508035601313,0.6958854644655422
gaussian_blur,blur,3,3.5,3925.0,0.7936305732484077,0.16764331210191083,-62.598726114649686,0.8264968152866242,2500.0,43.0,-0.4767560178587201,-0.6244250502671466,0.20404639313412704,21.21350658993756,0.5536728533855669
gaussian_noise,noise,1,0.04,3925.0,0.7936305732484077,0.7732484076433122,-2.0382165605095537,0.19414012738853503,280.0,200.0,-0.07106789979443048,-0.04945547598722934,0.029563896349945648,28.241308245795665,0.7425398419693018
gaussian_noise,noise,2,0.08,3925.0,0.7936305732484077,0.6794904458598726,-11.414012738853508,0.2794904458598726,595.0,147.0,-0.15507692027433662,-0.1590365664496278,0.051474096328969224,22.392674649077254,0.5277574262687356
gaussian_noise,noise,3,0.16,3925.0,0.7936305732484077,0.44687898089171973,-34.675159235668794,0.5304458598726115,1445.0,84.0,-0.35128743284209896,-0.40234517203482933,0.060944678284654975,16.762665650223678,0.3167352059065916
jpeg_compression,compression,1,30.0,3925.0,0.7936305732484077,0.7121019108280254,-8.152866242038225,0.1643312101910828,374.0,54.0,-0.0482621364058203,-0.08863603267640051,0.09202948377960048,29.639856462379683,0.8924437425698445
jpeg_compression,compression,2,15.0,3925.0,0.7936305732484077,0.6163057324840764,-17.73248407643313,0.2952866242038217,758.0,62.0,-0.12281796465254134,-0.19691176040069858,0.113037729586006,27.008712694235825,0.8192553182240504
jpeg_compression,compression,3,5.0,3925.0,0.7936305732484077,0.30394904458598726,-48.96815286624204,0.6629299363057325,1958.0,36.0,-0.4298183261728875,-0.517538238899849,0.11467835233588318,22.936992776265406,0.6630286483324257
boundary_blur,boundary,1,0.1,3925.0,0.7936305732484077,0.670828025477707,-12.280254777070066,0.2405095541401274,574.0,92.0,-0.11164795454235593,-0.14471305527920827,0.07452032409940555,25.797540595376397,0.887641653331222
boundary_blur,boundary,2,0.2,3925.0,0.7936305732484077,0.5763057324840765,-21.732484076433124,0.35694267515923567,944.0,91.0,-0.1882331629875739,-0.2438261572216206,0.08390682762310762,24.5725379162176,0.8309541854281335
boundary_blur,boundary,3,0.35,3925.0,0.7936305732484077,0.4736305732484076,-32.00000000000001,0.483312101910828,1338.0,82.0,-0.26801133160615803,-0.348517342523603,0.10938476039203487,23.602806401023567,0.7663153648148676
boundary_erase,boundary,1,0.05,3925.0,0.7936305732484077,0.762547770700637,-3.108280254777074,0.12305732484076433,208.0,86.0,-0.022210410605095755,-0.035807569168381445,0.06785079407131975,24.76508965712904,0.9181409794357932
boundary_erase,boundary,2,0.1,3925.0,0.7936305732484077,0.739108280254777,-5.452229299363065,0.1640764331210191,315.0,101.0,-0.04602257730854545,-0.0692885576161192,0.07723198515594387,21.628172352979153,0.8522058581242895
boundary_erase,boundary,3,0.2,3925.0,0.7936305732484077,0.6771974522292994,-11.64331210191083,0.23770700636942677,547.0,90.0,-0.0933277517267663,-0.13303359880274626,0.0855545004438253,18.5937484735272,0.7509277764019693
foreground_blur,depth_selective,1,2.0,3925.0,0.7936305732484077,0.5839490445859873,-20.96815286624204,0.34777070063694265,929.0,106.0,-0.1589256009696775,-0.23154050625899247,0.10557107753909314,26.87336624092672,0.8674820456231476
foreground_blur,depth_selective,2,4.0,3925.0,0.7936305732484077,0.39261146496815286,-40.10191082802548,0.5528662420382165,1655.0,81.0,-0.30008484933643964,-0.42077025917994415,0.15719900484914612,24.079385104113612,0.7929253458976746
foreground_blur,depth_selective,3,6.0,3925.0,0.7936305732484077,0.3296815286624204,-46.39490445859873,0.6226751592356687,1899.0,78.0,-0.35205446109602784,-0.4857196748966489,0.16670973333630973,22.71827355532552,0.7608912958688797
foreground_occlusion,depth_selective,1,0.1,3925.0,0.7936305732484077,0.7403821656050955,-5.324840764331218,0.11694267515923566,273.0,64.0,-0.04973474302109639,-0.06657815882402368,0.06850872049286108,21.652038795825344,0.9143052366736588
foreground_occlusion,depth_selective,2,0.2,3925.0,0.7936305732484077,0.6224203821656051,-17.121019108280255,0.2639490445859873,744.0,72.0,-0.14408872957537128,-0.19392389140772737,0.0824676020974946,18.470690515241124,0.8326813510800622
foreground_occlusion,depth_selective,3,0.35,3925.0,0.7936305732484077,0.4318471337579618,-36.17834394904459,0.5054777070063694,1502.0,82.0,-0.30635723521138075,-0.39785511972904675,0.11085295925996484,15.86693505396841,0.7111218170983017
background_removal,depth_selective,1,0.3,3925.0,0.7936305732484077,0.7653503184713376,-2.828025477707008,0.1327388535031847,198.0,87.0,-0.03032714045161654,-0.03464288666273228,0.0554859553230037,16.235950962011557,0.7874926579074495
background_removal,depth_selective,2,0.5,3925.0,0.7936305732484077,0.7110828025477707,-8.254777070063701,0.22369426751592356,425.0,101.0,-0.07454307866751389,-0.0922126480118446,0.06333699412454084,14.231585806147923,0.6515668589825843
background_removal,depth_selective,3,0.7,3925.0,0.7936305732484077,0.5340127388535032,-25.96178343949045,0.4346496815286624,1078.0,59.0,-0.2131617310818783,-0.26993221723451916,0.10127125315937646,12.767224756380699,0.49991836391057176
rand_augment,mixed,1,6.0,3925.0,0.7936305732484077,0.750828025477707,-4.28025477707007,0.13401273885350318,252.0,84.0,-0.03572903852886075,-0.0487912077131489,0.06498727516051689,inf,0.5461297042280506
rand_augment,mixed,2,12.0,3925.0,0.7936305732484077,0.7319745222929936,-6.165605095541404,0.1648407643312102,337.0,95.0,-0.054118566023790914,-0.07123516314365776,0.06810836882016079,inf,0.47555665501215416
rand_augment,mixed,3,18.0,3925.0,0.7936305732484077,0.7067515923566879,-8.687898089171975,0.19592356687898088,429.0,88.0,-0.07657908055148308,-0.10325199617508421,0.06913968691685396,inf,0.414950464502215
