set,distortion,level,n,acc,changed_rate,true_prob,delta_pp
geometric,swirl,1,50,0.6,0.4,0.47034220112662295,-24.0
geometric,swirl,2,50,0.18,0.82,0.13132800991463228,-65.99999999999999
geometric,swirl,3,50,0.02,0.98,0.02375882460584762,-82.0
geometric,bulge,1,50,0.86,0.16,0.7336939905583858,2.0000000000000018
geometric,bulge,2,50,0.68,0.26,0.5972965760668739,-15.999999999999993
geometric,bulge,3,50,0.5,0.46,0.412209243131947,-34.0
geometric,pinch,1,50,0.78,0.28,0.6697101798420771,-5.999999999999995
geometric,pinch,2,50,0.68,0.36,0.5991454359074123,-15.999999999999993
geometric,pinch,3,50,0.42,0.54,0.37548847795274926,-42.0
geometric,fisheye,1,50,0.86,0.2,0.751564370393753,2.0000000000000018
geometric,fisheye,2,50,0.74,0.22,0.670120345170144,-9.999999999999998
geometric,fisheye,3,50,0.64,0.34,0.5499321367072116,-19.999999999999996
geometric,horizontal_wave,1,50,0.7,0.24,0.6472910571750253,-14.000000000000002
geometric,horizontal_wave,2,50,0.58,0.42,0.5133721517055119,-26.0
geometric,horizontal_wave,3,50,0.36,0.64,0.3111919303328159,-48.0
geometric,vertical_wave,1,50,0.72,0.2,0.6706022272212431,-12.0
geometric,vertical_wave,2,50,0.64,0.3,0.5480399315520481,-19.999999999999996
geometric,vertical_wave,3,50,0.38,0.6,0.36064098420292967,-46.0
geometric,stretch,1,50,0.86,0.12,0.7754868235811592,2.0000000000000018
geometric,stretch,2,50,0.82,0.14,0.7622373355925083,-2.0000000000000018
geometric,stretch,3,50,0.82,0.16,0.746058638994582,-2.0000000000000018
geometric,squeeze,1,50,0.92,0.12,0.8225236569717527,8.000000000000007
geometric,squeeze,2,50,0.86,0.1,0.7749688305333257,2.0000000000000018
geometric,squeeze,3,50,0.92,0.2,0.7561348056048155,8.000000000000007
geometric,kaleidoscope,1,50,0.64,0.32,0.5251137347010081,-19.999999999999996
geometric,kaleidoscope,2,50,0.06,0.94,0.06157132699029155,-78.0
geometric,kaleidoscope,3,50,0.08,0.9,0.07071114010020196,-76.0
geometric,polar_coordinates,1,50,0.46,0.56,0.35798638858890625,-37.99999999999999
geometric,polar_coordinates,2,50,0.06,0.94,0.05173269497935053,-78.0
geometric,polar_coordinates,3,50,0.18,0.78,0.11681878348381361,-65.99999999999999
geometric,pixelate_shift,1,50,0.12,0.88,0.06666669274265587,-72.0
geometric,pixelate_shift,2,50,0.02,0.98,0.0032570206702803263,-82.0
geometric,pixelate_shift,3,50,0.0,1.0,0.0026137709641625407,-84.0
pipeline,region_removal,1,50,0.78,0.14,0.7149075463600457,-5.999999999999995
pipeline,region_removal,2,50,0.68,0.3,0.6282894263206981,-15.999999999999993
pipeline,region_removal,3,50,0.46,0.54,0.34341379543417133,-37.99999999999999
pipeline,inversion,1,50,0.76,0.22,0.6875951687153429,-7.9999999999999964
pipeline,inversion,2,50,0.76,0.18,0.7022021601162851,-7.9999999999999964
pipeline,inversion,3,50,0.76,0.18,0.729961564084515,-7.9999999999999964
pipeline,grayscale,1,50,0.84,0.02,0.7640922531858086,0.0
pipeline,grayscale,2,50,0.78,0.14,0.7461466900072992,-5.999999999999995
pipeline,grayscale,3,50,0.74,0.28,0.6597971937549301,-9.999999999999998
pipeline,low_contrast,1,50,0.86,0.06,0.7574035714939237,2.0000000000000018
pipeline,low_contrast,2,50,0.86,0.06,0.7514508785447106,2.0000000000000018
pipeline,low_contrast,3,50,0.8,0.12,0.7075862953625619,-3.9999999999999925
pipeline,darken,1,50,0.86,0.06,0.7608973305672407,2.0000000000000018
pipeline,darken,2,50,0.86,0.06,0.773517443984747,2.0000000000000018
pipeline,darken,3,50,0.88,0.1,0.7335668015480041,4.0000000000000036
pipeline,brighten,1,50,0.8,0.16,0.715175213329494,-3.9999999999999925
pipeline,brighten,2,50,0.72,0.16,0.6973480426170863,-12.0
pipeline,brighten,3,50,0.66,0.3,0.6326041650783736,-17.999999999999993
pipeline,gaussian_blur,1,50,0.66,0.28,0.6290952753205784,-17.999999999999993
pipeline,gaussian_blur,2,50,0.38,0.64,0.34223944355861025,-46.0
pipeline,gaussian_blur,3,50,0.1,0.9,0.09536498630113784,-74.0
pipeline,gaussian_noise,1,50,0.82,0.26,0.7375653960229829,-2.0000000000000018
pipeline,gaussian_noise,2,50,0.7,0.34,0.5900877473887521,-14.000000000000002
pipeline,gaussian_noise,3,50,0.54,0.5,0.3910200864243234,-29.999999999999993
pipeline,jpeg_compression,1,50,0.8,0.18,0.7296120557188988,-3.9999999999999925
pipeline,jpeg_compression,2,50,0.74,0.22,0.6180482755647972,-9.999999999999998
pipeline,jpeg_compression,3,50,0.26,0.72,0.20568531461496606,-57.99999999999999
pipeline,boundary_blur,1,50,0.64,0.3,0.6346482769568683,-19.999999999999996
pipeline,boundary_blur,2,50,0.56,0.38,0.5504243595493609,-27.999999999999993
pipeline,boundary_blur,3,50,0.54,0.46,0.43957601486341447,-29.999999999999993
pipeline,boundary_erase,1,50,0.78,0.14,0.7568898470327258,-5.999999999999995
pipeline,boundary_erase,2,50,0.74,0.2,0.7212989372760057,-9.999999999999998
pipeline,boundary_erase,3,50,0.72,0.24,0.6687172381998971,-12.0
pipeline,foreground_blur,1,50,0.6,0.44,0.5272800591963641,-24.0
pipeline,foreground_blur,2,50,0.38,0.64,0.30962049976496475,-46.0
pipeline,foreground_blur,3,50,0.38,0.64,0.3027464570681059,-46.0
pipeline,foreground_occlusion,1,50,0.82,0.14,0.7270204829145223,-2.0000000000000018
pipeline,foreground_occlusion,2,50,0.62,0.3,0.566157000074163,-21.999999999999996
pipeline,foreground_occlusion,3,50,0.5,0.48,0.3907442506074949,-34.0
pipeline,background_removal,1,50,0.88,0.1,0.7946234713122249,4.0000000000000036
pipeline,background_removal,2,50,0.82,0.18,0.7515152881410905,-2.0000000000000018
pipeline,background_removal,3,50,0.52,0.44,0.49947934434865604,-31.999999999999996
pipeline,rand_augment,1,50,0.78,0.22,0.732239953414537,-5.999999999999995
pipeline,rand_augment,2,50,0.74,0.18,0.6871851271769265,-9.999999999999998
pipeline,rand_augment,3,50,0.68,0.24,0.6163174541114131,-15.999999999999993
