perturbation,variant,acc_L1,acc_L2,acc_L3,acc_mean,gain_pp
background_removal,inpaint_guarded_0.10,0.825,0.75,0.535,0.7033333333333333,0.0
background_removal,inpaint_guarded_0.25,0.825,0.75,0.535,0.7033333333333333,0.0
background_removal,pass_through,0.825,0.75,0.535,0.7033333333333333,0.0
background_removal,inpaint_always,0.745,0.585,0.375,0.5683333333333334,-13.49999999999999
boundary_erase,pass_through,0.785,0.755,0.71,0.75,0.0
boundary_erase,inpaint_guarded_0.10,0.795,0.735,0.705,0.745,-0.5000000000000004
boundary_erase,inpaint_always,0.795,0.735,0.645,0.725,-2.500000000000002
boundary_erase,inpaint_guarded_0.25,0.795,0.735,0.645,0.725,-2.500000000000002
foreground_occlusion,pass_through,0.745,0.655,0.41,0.6033333333333333,0.0
foreground_occlusion,inpaint_guarded_0.10,0.72,0.655,0.41,0.595,-0.8333333333333304
foreground_occlusion,inpaint_guarded_0.25,0.71,0.555,0.41,0.5583333333333333,-4.499999999999993
foreground_occlusion,inpaint_always,0.71,0.555,0.26,0.5083333333333334,-9.499999999999986
gaussian_noise,bilateral,0.79,0.735,0.455,0.66,0.666666666666671
gaussian_noise,adaptive,0.805,0.695,0.47,0.6566666666666666,0.33333333333332993
gaussian_noise,nlm_0.15,0.8,0.7,0.47,0.6566666666666666,0.33333333333332993
gaussian_noise,pass_through,0.805,0.695,0.46,0.6533333333333333,0.0
gaussian_noise,nlm_0.30,0.805,0.68,0.45,0.645,-0.8333333333333304
gaussian_noise,nlm_0.90,0.685,0.47,0.165,0.44,-21.333333333333332
region_removal,pass_through,0.795,0.635,0.485,0.6383333333333333,0.0
region_removal,inpaint_guarded_0.10,0.775,0.635,0.485,0.6316666666666667,-0.6666666666666599
region_removal,inpaint_guarded_0.25,0.78,0.57,0.485,0.6116666666666667,-2.6666666666666616
region_removal,inpaint_always,0.78,0.57,0.35,0.5666666666666668,-7.1666666666666545
