method,strength,acc_perturbed,acc_perturbed_none,gain_pp,acc_clean,acc_clean_none,clean_drop_pp,n
baseline:autocontrast,0.1,0.6221428571428572,0.6221428571428571,1.1102230246251565e-14,0.75,0.75,0.0,4300
baseline:autocontrast,0.2,0.6230952380952381,0.6221428571428571,0.09523809523810378,0.75,0.75,0.0,4300
baseline:autocontrast,0.3,0.6235714285714286,0.6221428571428571,0.14285714285714457,0.75,0.75,0.0,4300
baseline:autocontrast,0.5,0.625,0.6221428571428571,0.28571428571428914,0.75,0.75,0.0,4300
baseline:autocontrast,0.75,0.6214285714285713,0.6221428571428571,-0.07142857142857784,0.75,0.75,0.0,4300
baseline:autocontrast,1.0,0.6197619047619047,0.6221428571428571,-0.23809523809523725,0.75,0.75,0.0,4300
baseline:clahe,0.1,0.6185714285714285,0.6221428571428571,-0.3571428571428559,0.75,0.75,0.0,4300
baseline:clahe,0.2,0.615,0.6221428571428571,-0.7142857142857117,0.74,0.75,1.0000000000000009,4300
baseline:clahe,0.3,0.6157142857142857,0.6221428571428571,-0.642857142857145,0.74,0.75,1.0000000000000009,4300
baseline:clahe,0.5,0.6147619047619048,0.6221428571428571,-0.7380952380952266,0.74,0.75,1.0000000000000009,4300
baseline:clahe,0.75,0.6092857142857143,0.6221428571428571,-1.285714285714279,0.75,0.75,0.0,4300
baseline:clahe,1.0,0.6090476190476191,0.6221428571428571,-1.3095238095238049,0.77,0.75,-2.0000000000000018,4300
baseline:unsharp,0.1,0.6230952380952381,0.6221428571428571,0.09523809523810378,0.75,0.75,0.0,4300
baseline:unsharp,0.2,0.62,0.6221428571428571,-0.2142857142857113,0.76,0.75,-1.0000000000000009,4300
baseline:unsharp,0.3,0.6135714285714285,0.6221428571428571,-0.8571428571428563,0.76,0.75,-1.0000000000000009,4300
baseline:unsharp,0.5,0.5980952380952381,0.6221428571428571,-2.4047619047618984,0.75,0.75,0.0,4300
baseline:unsharp,0.75,0.573095238095238,0.6221428571428571,-4.904761904761912,0.74,0.75,1.0000000000000009,4300
baseline:unsharp,1.0,0.5490476190476191,0.6221428571428571,-7.3095238095237995,0.72,0.75,3.0000000000000027,4300
cue:border_strengthening,0.1,0.6223809523809525,0.6221428571428571,0.023809523809537048,0.76,0.75,-1.0000000000000009,4300
cue:border_strengthening,0.2,0.6200000000000001,0.6221428571428571,-0.2142857142857002,0.77,0.75,-2.0000000000000018,4300
cue:border_strengthening,0.3,0.6166666666666666,0.6221428571428571,-0.5476190476190523,0.76,0.75,-1.0000000000000009,4300
cue:border_strengthening,0.5,0.6076190476190476,0.6221428571428571,-1.4523809523809494,0.76,0.75,-1.0000000000000009,4300
cue:border_strengthening,0.75,0.6021428571428571,0.6221428571428571,-2.0000000000000018,0.75,0.75,0.0,4300
cue:border_strengthening,1.0,0.5940476190476192,0.6221428571428571,-2.809523809523795,0.75,0.75,0.0,4300
cue:contrast_luminance,0.1,0.6219047619047618,0.6221428571428571,-0.023809523809525945,0.74,0.75,1.0000000000000009,4300
cue:contrast_luminance,0.2,0.6202380952380954,0.6221428571428571,-0.19047619047617426,0.75,0.75,0.0,4300
cue:contrast_luminance,0.3,0.6161904761904762,0.6221428571428571,-0.5952380952380931,0.74,0.75,1.0000000000000009,4300
cue:contrast_luminance,0.5,0.617142857142857,0.6221428571428571,-0.5000000000000115,0.74,0.75,1.0000000000000009,4300
cue:contrast_luminance,0.75,0.6188095238095238,0.6221428571428571,-0.33333333333332993,0.75,0.75,0.0,4300
cue:contrast_luminance,1.0,0.6152380952380953,0.6221428571428571,-0.6904761904761858,0.76,0.75,-1.0000000000000009,4300
cue:depth_boundary_emphasis,0.1,0.6126190476190476,0.6221428571428571,-0.952380952380949,0.74,0.75,1.0000000000000009,4300
cue:depth_boundary_emphasis,0.2,0.603095238095238,0.6221428571428571,-1.904761904761909,0.74,0.75,1.0000000000000009,4300
cue:depth_boundary_emphasis,0.3,0.5961904761904762,0.6221428571428571,-2.595238095238095,0.75,0.75,0.0,4300
cue:depth_boundary_emphasis,0.5,0.580952380952381,0.6221428571428571,-4.1190476190476115,0.74,0.75,1.0000000000000009,4300
cue:depth_boundary_emphasis,0.75,0.5588095238095238,0.6221428571428571,-6.333333333333336,0.73,0.75,2.0000000000000018,4300
cue:depth_boundary_emphasis,1.0,0.5361904761904762,0.6221428571428571,-8.59523809523809,0.75,0.75,0.0,4300
cue:entity_background_separation,0.1,0.6250000000000002,0.6221428571428571,0.28571428571431134,0.76,0.75,-1.0000000000000009,4300
cue:entity_background_separation,0.2,0.624047619047619,0.6221428571428571,0.19047619047618536,0.77,0.75,-2.0000000000000018,4300
cue:entity_background_separation,0.3,0.6164285714285713,0.6221428571428571,-0.5714285714285783,0.76,0.75,-1.0000000000000009,4300
cue:entity_background_separation,0.5,0.6054761904761905,0.6221428571428571,-1.6666666666666607,0.77,0.75,-2.0000000000000018,4300
cue:entity_background_separation,0.75,0.5864285714285715,0.6221428571428571,-3.5714285714285587,0.78,0.75,-3.0000000000000027,4300
cue:entity_background_separation,1.0,0.5242857142857142,0.6221428571428571,-9.785714285714286,0.73,0.75,2.0000000000000018,4300
cue:shadow_reinforcement,0.1,0.6214285714285714,0.6221428571428571,-0.07142857142856673,0.75,0.75,0.0,4300
cue:shadow_reinforcement,0.2,0.6228571428571429,0.6221428571428571,0.07142857142857784,0.77,0.75,-2.0000000000000018,4300
cue:shadow_reinforcement,0.3,0.6166666666666666,0.6221428571428571,-0.5476190476190523,0.78,0.75,-3.0000000000000027,4300
cue:shadow_reinforcement,0.5,0.6092857142857143,0.6221428571428571,-1.285714285714279,0.8,0.75,-5.000000000000004,4300
cue:shadow_reinforcement,0.75,0.5878571428571429,0.6221428571428571,-3.4285714285714253,0.78,0.75,-3.0000000000000027,4300
cue:shadow_reinforcement,1.0,0.5483333333333335,0.6221428571428571,-7.380952380952365,0.72,0.75,3.0000000000000027,4300
cue:thermal_injection,0.1,0.5997619047619048,0.6221428571428571,-2.238095238095228,0.77,0.75,-2.0000000000000018,4300
cue:thermal_injection,0.2,0.5483333333333332,0.6221428571428571,-7.3809523809523885,0.75,0.75,0.0,4300
cue:thermal_injection,0.3,0.47928571428571426,0.6221428571428571,-14.285714285714285,0.67,0.75,7.9999999999999964,4300
cue:thermal_injection,0.5,0.34928571428571425,0.6221428571428571,-27.285714285714285,0.55,0.75,19.999999999999996,4300
cue:thermal_injection,0.75,0.1757142857142857,0.6221428571428571,-44.64285714285714,0.37,0.75,38.0,4300
cue:thermal_injection,1.0,0.029523809523809525,0.6221428571428571,-59.26190476190476,0.04,0.75,71.0,4300
