cue,strength,n,acc_clean,acc_cue,delta_pp,changed_rate,correct_to_wrong,wrong_to_correct,conf_shift,true_prob_shift,ece_cue
border_strengthening,0.0,500.0,0.83,0.83,0.0,0.0,0.0,0.0,0.0,0.0,0.06059784679114822
border_strengthening,0.1,500.0,0.83,0.83,0.0,0.014,2.0,2.0,0.0010623141378164292,0.00037205127568449827,0.062343117147684084
border_strengthening,0.2,500.0,0.83,0.824,-0.6000000000000005,0.024,5.0,2.0,0.0007290850579738617,-0.0004941299987840466,0.06298049707710746
border_strengthening,0.3,500.0,0.83,0.818,-1.200000000000001,0.038,9.0,3.0,0.00024464282393455507,-0.0014184015974460634,0.06693975408375269
border_strengthening,0.4,500.0,0.83,0.818,-1.200000000000001,0.04,9.0,3.0,0.000229618102312088,-0.002828929428127594,0.059484842017292996
border_strengthening,0.5,500.0,0.83,0.822,-0.8000000000000007,0.044,9.0,5.0,0.0007825472801923751,-0.0031097633855824824,0.06405773594975472
border_strengthening,0.6,500.0,0.83,0.824,-0.6000000000000005,0.044,9.0,6.0,-0.00020997434854507445,-0.004574152681219857,0.06613838259875773
border_strengthening,0.7,500.0,0.83,0.82,-1.0000000000000009,0.05,11.0,6.0,-0.0009559570997953415,-0.005848021779587725,0.06538102918863294
border_strengthening,0.8,500.0,0.83,0.82,-1.0000000000000009,0.05,10.0,5.0,-0.0026410921663045884,-0.007201361309096683,0.0735197029709816
border_strengthening,0.9,500.0,0.83,0.82,-1.0000000000000009,0.048,10.0,5.0,-0.0036149679571390154,-0.008827775516430847,0.06737044873833656
border_strengthening,1.0,500.0,0.83,0.816,-1.4000000000000012,0.056,12.0,5.0,-0.004717537090182304,-0.010172677758790088,0.06434829920530322
depth_boundary_emphasis,0.0,500.0,0.83,0.83,0.0,0.0,0.0,0.0,0.0,0.0,0.06059784679114822
depth_boundary_emphasis,0.1,500.0,0.83,0.824,-0.6000000000000005,0.022,6.0,3.0,-0.0017669385820627212,-0.0014058983986033127,0.06411059299111369
depth_boundary_emphasis,0.2,500.0,0.83,0.822,-0.8000000000000007,0.04,8.0,4.0,-0.004197168081998825,-0.003527888594151591,0.055378883078694305
depth_boundary_emphasis,0.3,500.0,0.83,0.816,-1.4000000000000012,0.058,14.0,7.0,-0.007170312896370888,-0.006261392451720894,0.04719199982285505
depth_boundary_emphasis,0.4,500.0,0.83,0.818,-1.200000000000001,0.056,13.0,7.0,-0.012207532614469527,-0.009948491827890394,0.057855963066220345
depth_boundary_emphasis,0.5,500.0,0.83,0.816,-1.4000000000000012,0.072,17.0,10.0,-0.014617078632116318,-0.011849295053776587,0.05536792697012425
depth_boundary_emphasis,0.6,500.0,0.83,0.806,-2.399999999999991,0.098,22.0,10.0,-0.017394968882203102,-0.014399511014140444,0.05317520877718926
depth_boundary_emphasis,0.7,500.0,0.83,0.806,-2.399999999999991,0.1,23.0,11.0,-0.020492757737636567,-0.019290135197639755,0.05526688598096377
depth_boundary_emphasis,0.8,500.0,0.83,0.802,-2.7999999999999914,0.116,26.0,12.0,-0.023778014957904815,-0.02617805270264944,0.05994128100574019
depth_boundary_emphasis,0.9,500.0,0.83,0.792,-3.7999999999999923,0.118,28.0,9.0,-0.028612638920545577,-0.032868899575514664,0.05491103239357477
depth_boundary_emphasis,1.0,500.0,0.83,0.79,-3.9999999999999925,0.128,30.0,10.0,-0.0362230541408062,-0.03987611542586092,0.054610431507229835
entity_background_separation,0.0,500.0,0.83,0.83,0.0,0.0,0.0,0.0,0.0,0.0,0.06059784679114822
entity_background_separation,0.1,500.0,0.83,0.83,0.0,0.022,4.0,4.0,0.0011252598762512207,-0.0006411823277012445,0.06686724661290644
entity_background_separation,0.2,500.0,0.83,0.826,-0.40000000000000036,0.04,8.0,6.0,-0.0014633455872535707,-0.002315796534559922,0.0601099721342325
entity_background_separation,0.3,500.0,0.83,0.824,-0.6000000000000005,0.054,10.0,7.0,-0.0027247963696718216,-0.00403441694220237,0.06713065102696415
entity_background_separation,0.4,500.0,0.83,0.824,-0.6000000000000005,0.066,12.0,9.0,-0.0037943054288625717,-0.005417443570244359,0.06647852969169614
entity_background_separation,0.5,500.0,0.83,0.816,-1.4000000000000012,0.088,17.0,10.0,-0.005404771104454994,-0.009146348468450015,0.060509282678365736
entity_background_separation,0.6,500.0,0.83,0.804,-2.599999999999991,0.096,22.0,9.0,-0.006828766971826553,-0.014181053566862828,0.054640070721507054
entity_background_separation,0.7,500.0,0.83,0.808,-2.199999999999991,0.102,21.0,10.0,-0.019022092550992967,-0.02312806710472796,0.06519898144900793
entity_background_separation,0.8,500.0,0.83,0.792,-3.7999999999999923,0.118,28.0,9.0,-0.02955172176659107,-0.033463194431758894,0.05560982137918475
entity_background_separation,0.9,500.0,0.83,0.772,-5.799999999999994,0.15,40.0,11.0,-0.041862904258072375,-0.04965346900024451,0.06381384981423616
entity_background_separation,1.0,500.0,0.83,0.74,-8.999999999999996,0.2,57.0,12.0,-0.06798303911369294,-0.08253105150399642,0.07273116759676486
shadow_reinforcement,0.0,500.0,0.83,0.83,0.0,0.0,0.0,0.0,0.0,0.0,0.06059784679114822
shadow_reinforcement,0.1,500.0,0.83,0.832,0.20000000000000018,0.024,3.0,4.0,0.0007149979174137115,-0.0005684470773849171,0.0740693314820528
shadow_reinforcement,0.2,500.0,0.83,0.83,0.0,0.03,5.0,5.0,0.0006100724041461945,-0.0011402838697686093,0.05856002883613108
shadow_reinforcement,0.3,500.0,0.83,0.818,-1.200000000000001,0.046,10.0,4.0,-0.0008931344300508499,-0.003391461476086988,0.055434816032648035
shadow_reinforcement,0.4,500.0,0.83,0.818,-1.200000000000001,0.056,12.0,6.0,-0.00417797689139843,-0.005217785870234365,0.05917451977729792
shadow_reinforcement,0.5,500.0,0.83,0.818,-1.200000000000001,0.058,11.0,5.0,-0.007091246590018273,-0.008229352303620544,0.06013624989986424
shadow_reinforcement,0.6,500.0,0.83,0.812,-1.7999999999999905,0.082,17.0,8.0,-0.006601472944021225,-0.008473426611628383,0.054818026915192636
shadow_reinforcement,0.7,500.0,0.83,0.814,-1.6000000000000014,0.088,17.0,9.0,-0.0109804328083992,-0.015965646409313194,0.06889910759031773
shadow_reinforcement,0.8,500.0,0.83,0.806,-2.399999999999991,0.092,21.0,9.0,-0.02126032954454422,-0.02432351997013029,0.05364400543272495
shadow_reinforcement,0.9,500.0,0.83,0.782,-4.799999999999994,0.132,34.0,10.0,-0.031021949082612993,-0.03620004911283468,0.04471358178555967
shadow_reinforcement,1.0,500.0,0.83,0.768,-6.199999999999994,0.17,42.0,11.0,-0.04865680051129311,-0.061418974638530924,0.07522929652314633
contrast_luminance,0.0,500.0,0.83,0.83,0.0,0.0,0.0,0.0,0.0,0.0,0.06059784679114822
contrast_luminance,0.1,500.0,0.83,0.832,0.20000000000000018,0.014,2.0,3.0,-0.0013476976603269577,-0.0006726140792306978,0.0670024160146713
contrast_luminance,0.2,500.0,0.83,0.83,0.0,0.024,5.0,5.0,-0.0013680862337350846,-0.0009110970764304511,0.06633614018559456
contrast_luminance,0.3,500.0,0.83,0.828,-0.20000000000000018,0.028,6.0,5.0,-0.0022632897198200225,-0.0016117455221246928,0.06408803631365297
contrast_luminance,0.4,500.0,0.83,0.824,-0.6000000000000005,0.042,10.0,7.0,-0.002634331628680229,-0.00277753918612143,0.06292195522785184
contrast_luminance,0.5,500.0,0.83,0.816,-1.4000000000000012,0.046,13.0,6.0,-0.0037514578253030778,-0.0031290655399207026,0.055476725429296526
contrast_luminance,0.6,500.0,0.83,0.818,-1.200000000000001,0.052,13.0,7.0,-0.0043591398447752,-0.004255454806698253,0.05500033843517305
contrast_luminance,0.7,500.0,0.83,0.814,-1.6000000000000014,0.056,15.0,7.0,-0.004566698431968689,-0.005456781672735815,0.04373395286500459
contrast_luminance,0.8,500.0,0.83,0.81,-1.9999999999999907,0.07,17.0,7.0,-0.005893844813108444,-0.006175214328890433,0.04188552661240105
contrast_luminance,0.9,500.0,0.83,0.808,-2.199999999999991,0.078,20.0,9.0,-0.006438664570450783,-0.007822069075205945,0.052267242759466224
contrast_luminance,1.0,500.0,0.83,0.81,-1.9999999999999907,0.086,20.0,10.0,-0.00748916944861412,-0.009337646196727292,0.05419425238668918
thermal_injection,0.0,500.0,0.83,0.83,0.0,0.0,0.0,0.0,0.0,0.0,0.06059784679114822
thermal_injection,0.1,500.0,0.83,0.818,-1.200000000000001,0.074,14.0,8.0,-0.010723128274083138,-0.016914434193669878,0.07113801029324533
thermal_injection,0.2,500.0,0.83,0.77,-5.999999999999995,0.134,39.0,9.0,-0.028726656466722487,-0.05246650804347883,0.06881621061265468
thermal_injection,0.3,500.0,0.83,0.744,-8.599999999999996,0.18,53.0,10.0,-0.051684940986335276,-0.08907801579151055,0.08266808675974609
thermal_injection,0.4,500.0,0.83,0.7,-13.0,0.266,80.0,15.0,-0.073537063524127,-0.13110266267494625,0.10433365070819853
thermal_injection,0.5,500.0,0.83,0.65,-17.999999999999993,0.322,105.0,15.0,-0.12013630893826485,-0.18639176947662053,0.09528591071069242
thermal_injection,0.6,500.0,0.83,0.564,-26.6,0.416,146.0,13.0,-0.1668957783281803,-0.253034624495549,0.11932886488735678
thermal_injection,0.7,500.0,0.83,0.476,-35.4,0.518,188.0,11.0,-0.22392063638567924,-0.34401519951870796,0.14041869874298574
thermal_injection,0.8,500.0,0.83,0.364,-46.599999999999994,0.644,245.0,12.0,-0.289496961414814,-0.4505671476422252,0.1893036155551672
thermal_injection,0.9,500.0,0.83,0.214,-61.6,0.796,316.0,8.0,-0.3339984096772969,-0.5940199721661368,0.29502085262909533
thermal_injection,1.0,500.0,0.83,0.076,-75.4,0.936,383.0,6.0,-0.4318657980356365,-0.7154744956983812,0.3334158527497202
