method,depth_rank_corr,n,fix_rate,break_rate,delta_pp
cue:border_strengthening,"(-0.913, 0.928]",5250,0.021808268968650613,0.01803870121351263,-0.13333333333334085
cue:border_strengthening,"(0.928, 0.978]",5250,0.02816180235535074,0.017288444040036398,-0.03809523809523707
cue:border_strengthening,"(0.978, 0.995]",5250,0.027793862188766647,0.01646324155549248,-0.19047619047618536
cue:border_strengthening,"(0.995, 1.0]",5250,0.026056338028169014,0.01174934725848564,-0.1523809523809594
cue:contrast_luminance,"(-0.913, 0.928]",5250,0.023625624716038164,0.020006559527714005,-0.17142857142857792
cue:contrast_luminance,"(0.928, 0.978]",5250,0.025089605734767026,0.015468607825295723,-0.03809523809523707
cue:contrast_luminance,"(0.978, 0.995]",5250,0.03242617255356109,0.02128867442520579,-0.3619047619047522
cue:contrast_luminance,"(0.995, 1.0]",5250,0.04647887323943662,0.013054830287206266,0.3047619047618966
cue:depth_boundary_emphasis,"(-0.913, 0.928]",5250,0.04179918218991367,0.09117743522466383,-3.5428571428571476
cue:depth_boundary_emphasis,"(0.928, 0.978]",5250,0.05683563748079877,0.06612071580224446,-2.038095238095239
cue:depth_boundary_emphasis,"(0.978, 0.995]",5250,0.061378112333526344,0.06358217428328129,-2.2476190476190427
cue:depth_boundary_emphasis,"(0.995, 1.0]",5250,0.0676056338028169,0.06109660574412533,-2.6285714285714357
cue:entity_background_separation,"(-0.913, 0.928]",5250,0.029986369831894594,0.022630370613315843,-0.05714285714286671
cue:entity_background_separation,"(0.928, 0.978]",5250,0.03123399897593446,0.01789505611161662,0.03809523809523707
cue:entity_background_separation,"(0.978, 0.995]",5250,0.034163288940359006,0.017030939540164634,-0.019047619047618536
cue:entity_background_separation,"(0.995, 1.0]",5250,0.038028169014084505,0.012793733681462142,0.09523809523809268
cue:shadow_reinforcement,"(-0.913, 0.928]",5250,0.03771013175829169,0.03574942604132503,-0.49523809523810414
cue:shadow_reinforcement,"(0.928, 0.978]",5250,0.04045058883768561,0.03124052168638156,-0.45714285714285596
cue:shadow_reinforcement,"(0.978, 0.995]",5250,0.044585987261146494,0.03349418109565711,-0.7809523809523711
cue:shadow_reinforcement,"(0.995, 1.0]",5250,0.0647887323943662,0.01618798955613577,0.5714285714285672
cue:thermal_injection,"(-0.913, 0.928]",5250,0.0631531122217174,0.07117087569694983,-1.4857142857142902
cue:thermal_injection,"(0.928, 0.978]",5250,0.0670762928827445,0.07825295723384895,-2.4190476190476207
cue:thermal_injection,"(0.978, 0.995]",5250,0.07180081065431385,0.08742548963951179,-3.5047619047618994
cue:thermal_injection,"(0.995, 1.0]",5250,0.08450704225352113,0.0835509138381201,-3.809523809523818
