label,method,depth_source,n,acc_perturbed,acc_restored,delta_pp,wrong_to_correct,correct_to_wrong,back_to_clean_pred,back_to_clean_pred_wrong,restore_ms,fix_rate,break_rate,agree_clean_before,agree_clean_after
none,none,unused,21000,0.6523333333333333,0.6523333333333333,0.0,0,0,0,0,0.0,0.0,0.0,0.7475714285714286,0.7475714285714286
oracle_classical,oracle_classical,unused,21000,0.6523333333333333,0.6236666666666666,-2.866666666666666,724,1326,1036,420,3.7420651926108155,0.09916449801397069,0.09679538652456383,0.7475714285714286,0.7265238095238096
detector_classical,detector_classical,unused,21000,0.6523333333333333,0.6284285714285714,-2.3904761904761895,517,1019,780,339,26.623221847234248,0.07081221750445145,0.07438499160522666,0.7475714285714286,0.732
baseline:unsharp,baseline:unsharp,unused,21000,0.6523333333333333,0.6498571428571429,-0.2476190476190477,262,314,328,119,0.3552593147597647,0.03588549513765238,0.022921381122709687,0.7475714285714286,0.7454761904761905
baseline:autocontrast,baseline:autocontrast,unused,21000,0.6523333333333333,0.6565238095238095,0.4190476190476196,248,160,358,145,0.7110060956567308,0.03396794959594576,0.01167968464851449,0.7475714285714286,0.7558571428571429
baseline:clahe,baseline:clahe,unused,21000,0.6523333333333333,0.6521904761904762,-0.014285714285714155,170,173,228,95,0.6707169164794669,0.023284481577866046,0.012628659026206293,0.7475714285714286,0.7485714285714286
cue:border_strengthening,cue:border_strengthening,perturbed,21000,0.6523333333333333,0.6510476190476191,-0.12857142857142842,188,215,224,71,44.35525858433998,0.02574989727434598,0.015694576246441345,0.7475714285714286,0.7456666666666667
cue:depth_boundary_emphasis,cue:depth_boundary_emphasis,perturbed,21000,0.6523333333333333,0.6261904761904762,-2.614285714285715,405,954,459,168,44.51554150308965,0.05547185317079852,0.06964011971676765,0.7475714285714286,0.7123809523809523
cue:entity_background_separation,cue:entity_background_separation,perturbed,21000,0.6523333333333333,0.6524761904761904,0.014285714285714296,240,237,286,95,44.4757627041841,0.032872209286399126,0.017300532885612088,0.7475714285714286,0.7463809523809524
cue:shadow_reinforcement,cue:shadow_reinforcement,perturbed,21000,0.6523333333333333,0.6494285714285715,-0.29047619047619017,331,392,398,132,44.23370921910767,0.04533625530749212,0.0286152273888605,0.7475714285714286,0.7417142857142857
cue:contrast_luminance,cue:contrast_luminance,perturbed,21000,0.6523333333333333,0.6516666666666667,-0.06666666666666633,223,237,290,109,45.01802079713499,0.03054376112861252,0.017300532885612088,0.7475714285714286,0.7479047619047619
cue:thermal_injection,cue:thermal_injection,perturbed,21000,0.6523333333333333,0.6242857142857142,-2.8047619047619055,514,1103,562,207,44.60629543858219,0.07040131488837145,0.08051682604569677,0.7475714285714286,0.7053809523809523
cue:border_strengthening [clean depth],cue:border_strengthening,clean,21000,0.6523333333333333,0.6520952380952382,-0.023809523809524096,213,218,246,65,0.1966058294345289,0.02917408574167922,0.015913570333600992,0.7475714285714286,0.7463809523809524
cue:depth_boundary_emphasis [clean depth],cue:depth_boundary_emphasis,clean,21000,0.6523333333333333,0.6342857142857143,-1.8047619047619057,496,875,579,189,0.3891656284382147,0.06793589919189152,0.06387327542156362,0.7475714285714286,0.723
cue:entity_background_separation [clean depth],cue:entity_background_separation,clean,21000,0.6523333333333333,0.652952380952381,0.061904761904762226,277,264,325,98,0.35364312042370977,0.037940008218052323,0.01927147967004891,0.7475714285714286,0.7466190476190476
cue:shadow_reinforcement [clean depth],cue:shadow_reinforcement,clean,21000,0.6523333333333333,0.6512857142857142,-0.10476190476190472,393,415,466,145,0.10785909080715053,0.05382824270647856,0.030294182057084458,0.7475714285714286,0.7442380952380953
cue:contrast_luminance [clean depth],cue:contrast_luminance,clean,21000,0.6523333333333333,0.652047619047619,-0.028571428571428206,222,228,291,113,0.8756957358184861,0.030406793589919188,0.016643550624133148,0.7475714285714286,0.7479047619047619
cue:thermal_injection [clean depth],cue:thermal_injection,clean,21000,0.6523333333333333,0.6283809523809524,-2.395238095238096,586,1089,608,180,0.47105663751790416,0.08026297767429119,0.07949485363895174,0.7475714285714286,0.7085238095238096
cue:border_strengthening [mismatched depth],cue:border_strengthening,mismatched,21000,0.6523333333333333,0.6467619047619048,-0.5571428571428569,248,365,252,80,0.1976269920023263,0.03396794959594576,0.02664428060442368,0.7475714285714286,0.735904761904762
cue:depth_boundary_emphasis [mismatched depth],cue:depth_boundary_emphasis,mismatched,21000,0.6523333333333333,0.6072857142857143,-4.504761904761905,474,1420,432,145,0.3868755977206699,0.06492261334063827,0.1036572012555661,0.7475714285714286,0.6797619047619048
cue:entity_background_separation [mismatched depth],cue:entity_background_separation,mismatched,21000,0.6523333333333333,0.6450952380952382,-0.7238095238095232,266,418,298,103,0.3570695310810108,0.0364333652924257,0.030513176144244106,0.7475714285714286,0.7355714285714285
cue:shadow_reinforcement [mismatched depth],cue:shadow_reinforcement,mismatched,21000,0.6523333333333333,0.633,-1.9333333333333338,340,746,398,160,0.10797864315048039,0.04656896315573209,0.05445652967369881,0.7475714285714286,0.7209523809523809
cue:contrast_luminance [mismatched depth],cue:contrast_luminance,mismatched,21000,0.6523333333333333,0.6520952380952382,-0.02380952380952329,231,236,303,123,0.8593333220099643,0.031639501438159155,0.01722753485655887,0.7475714285714286,0.7481428571428571
cue:thermal_injection [mismatched depth],cue:thermal_injection,mismatched,21000,0.6523333333333333,0.6103809523809524,-4.195238095238095,506,1387,474,181,0.46434674844541796,0.06930557457882482,0.10124826629680998,0.7475714285714286,0.6833809523809524
detector+cue:border_strengthening,detector+cue:border_strengthening,perturbed,21000,0.6523333333333333,0.6323809523809524,-1.9952380952380948,630,1049,847,340,70.949461426854,0.0862895493767977,0.07657493247682312,0.7475714285714286,0.7317619047619047
detector+cue:depth_boundary_emphasis,detector+cue:depth_boundary_emphasis,perturbed,21000,0.6523333333333333,0.619095238095238,-3.3238095238095235,703,1401,893,340,71.1315401236631,0.09628817970141076,0.102270238703555,0.7475714285714286,0.712952380952381
detector+cue:entity_background_separation,detector+cue:entity_background_separation,perturbed,21000,0.6523333333333333,0.6320476190476191,-2.0285714285714285,627,1053,851,328,71.10494825090021,0.08587864676071771,0.07686692459303598,0.7475714285714286,0.731
detector+cue:shadow_reinforcement,detector+cue:shadow_reinforcement,perturbed,21000,0.6523333333333333,0.6304285714285714,-2.1904761904761902,658,1118,874,330,70.8588354099016,0.09012464046021093,0.081611796481495,0.7475714285714286,0.7282380952380952
detector+cue:contrast_luminance,detector+cue:contrast_luminance,perturbed,21000,0.6523333333333333,0.6292857142857142,-2.304761904761904,609,1093,847,353,71.59124798147388,0.08341323106423777,0.0797868457551646,0.7475714285714286,0.7292857142857143
detector+cue:thermal_injection,detector+cue:thermal_injection,perturbed,21000,0.6523333333333333,0.6163333333333333,-3.5999999999999996,713,1469,902,363,71.20722120077214,0.09765785508834406,0.10723410467917366,0.7475714285714286,0.7086190476190476
